Isolate_ID,Organism,Source,Antibiotic,MIC,Interpretation,Scored_Resistance,ESBL,MAR_Index
EC_DWR1C1,Klebsiella pneumoniae ssp pneumoniae,DW,AMO,2,0,1,2,0.05
EC_DWR1C1,Klebsiella pneumoniae ssp pneumoniae,DW,TR/SL,20,0,1,2,0.05
EC_DWR1C1,Klebsiella pneumoniae ssp pneumoniae,DW,CFX,4,0,1,2,0.05
EC_DWR1C1,Klebsiella pneumoniae ssp pneumoniae,DW,CHL,2,0,1,2,0.05
EC_DWR1C1,Klebsiella pneumoniae ssp pneumoniae,DW,AMP,32,2,1,2,0.05
EC_DWR1C1,Klebsiella pneumoniae ssp pneumoniae,DW,DOX,1,0,1,2,0.05
EC_DWR1C1,Klebsiella pneumoniae ssp pneumoniae,DW,NIT,64,1,1,2,0.05
EC_DWR1C1,Klebsiella pneumoniae ssp pneumoniae,DW,ENR,0.12,0,1,2,0.05
EC_DWR1C1,Klebsiella pneumoniae ssp pneumoniae,DW,GEN,1,0,1,2,0.05
EC_DWR1C1,Klebsiella pneumoniae ssp pneumoniae,DW,TET,1,0,1,2,0.05
EC_DWR1C1,Klebsiella pneumoniae ssp pneumoniae,DW,IME,0.25,0,1,2,0.05
EC_DWR1C1,Klebsiella pneumoniae ssp pneumoniae,DW,AMI,2,0,1,2,0.05
EC_DWR1C2,Klebsiella pneumoniae ssp pneumoniae,DW,AMO,4,0,1,2,0.05
EC_DWR1C2,Klebsiella pneumoniae ssp pneumoniae,DW,TR/SL,20,0,1,2,0.05
EC_DWR1C2,Klebsiella pneumoniae ssp pneumoniae,DW,CFX,4,0,1,2,0.05
EC_DWR1C2,Klebsiella pneumoniae ssp pneumoniae,DW,CHL,2,0,1,2,0.05
EC_DWR1C2,Klebsiella pneumoniae ssp pneumoniae,DW,AMP,16,2,1,2,0.05
EC_DWR1C2,Klebsiella pneumoniae ssp pneumoniae,DW,DOX,1,0,1,2,0.05
EC_DWR1C2,Klebsiella pneumoniae ssp pneumoniae,DW,NIT,32,0,1,2,0.05
EC_DWR1C2,Klebsiella pneumoniae ssp pneumoniae,DW,ENR,2,0,1,2,0.05
EC_DWR1C2,Klebsiella pneumoniae ssp pneumoniae,DW,GEN,1,0,1,2,0.05
EC_DWR1C2,Klebsiella pneumoniae ssp pneumoniae,DW,TET,1,0,1,2,0.05
EC_DWR1C2,Klebsiella pneumoniae ssp pneumoniae,DW,AMI,2,0,1,2,0.05
EC_DWR2C3,Klebsiella pneumoniae ssp pneumoniae,DW,AMO,2,0,1,2,0.05
EC_DWR2C3,Klebsiella pneumoniae ssp pneumoniae,DW,TR/SL,20,0,1,2,0.05
EC_DWR2C3,Klebsiella pneumoniae ssp pneumoniae,DW,CFX,4,0,1,2,0.05
EC_DWR2C3,Klebsiella pneumoniae ssp pneumoniae,DW,CHL,2,0,1,2,0.05
EC_DWR2C3,Klebsiella pneumoniae ssp pneumoniae,DW,AMP,16,2,1,2,0.05
EC_DWR2C3,Klebsiella pneumoniae ssp pneumoniae,DW,DOX,1,0,1,2,0.05
EC_DWR2C3,Klebsiella pneumoniae ssp pneumoniae,DW,NIT,32,0,1,2,0.05
EC_DWR2C3,Klebsiella pneumoniae ssp pneumoniae,DW,ENR,0.12,0,1,2,0.05
EC_DWR2C3,Klebsiella pneumoniae ssp pneumoniae,DW,GEN,1,0,1,2,0.05
EC_DWR2C3,Klebsiella pneumoniae ssp pneumoniae,DW,TET,1,0,1,2,0.05
EC_DWR2C3,Klebsiella pneumoniae ssp pneumoniae,DW,IME,0.25,0,1,2,0.05
EC_DWR2C3,Klebsiella pneumoniae ssp pneumoniae,DW,AMI,2,0,1,2,0.05
SAL_DWR2C1,Klebsiella pneumoniae ssp pneumoniae,DW,AMO,4,0,9,2,0.41
SAL_DWR2C1,Klebsiella pneumoniae ssp pneumoniae,DW,TR/SL,8,0,9,2,0.41
SAL_DWR2C1,Klebsiella pneumoniae ssp pneumoniae,DW,CFX,64,2,9,2,0.41
SAL_DWR2C1,Klebsiella pneumoniae ssp pneumoniae,DW,CHL,8,0,9,2,0.41
SAL_DWR2C1,Klebsiella pneumoniae ssp pneumoniae,DW,AMP,32,2,9,2,0.41
SAL_DWR2C1,Klebsiella pneumoniae ssp pneumoniae,DW,DOX,16,2,9,2,0.41
SAL_DWR2C1,Klebsiella pneumoniae ssp pneumoniae,DW,NIT,128,2,9,2,0.41
SAL_DWR2C1,Klebsiella pneumoniae ssp pneumoniae,DW,ENR,2,1,9,2,0.41
SAL_DWR2C1,Klebsiella pneumoniae ssp pneumoniae,DW,GEN,1,0,9,2,0.41
SAL_DWR2C1,Klebsiella pneumoniae ssp pneumoniae,DW,TET,16,2,9,2,0.41
SAL_DWR2C1,Klebsiella pneumoniae ssp pneumoniae,DW,IME,0.25,0,9,2,0.41
SAL_DWR2C1,Klebsiella pneumoniae ssp pneumoniae,DW,AMI,2,0,9,2,0.41
SAL_DWR2C2,Escherichia coli,DW,AMO,2,0,0,2,0
SAL_DWR2C2,Escherichia coli,DW,TR/SL,20,0,0,2,0
SAL_DWR2C2,Escherichia coli,DW,CFX,8,0,0,2,0
SAL_DWR2C2,Escherichia coli,DW,CHL,4,0,0,2,0
SAL_DWR2C2,Escherichia coli,DW,AMP,2,0,0,2,0
SAL_DWR2C2,Escherichia coli,DW,DOX,2,0,0,2,0
SAL_DWR2C2,Escherichia coli,DW,NIT,1,1,0,2,0
SAL_DWR2C2,Escherichia coli,DW,ENR,0.12,0,0,2,0
SAL_DWR2C2,Escherichia coli,DW,GEN,1,0,0,2,0
SAL_DWR2C2,Escherichia coli,DW,TET,1,0,0,2,0
SAL_DWR2C2,Escherichia coli,DW,IME,0.25,0,0,2,0
SAL_DWR2C2,Escherichia coli,DW,AMI,2,0,0,2,0
EC_LWR1C1,Enterobacter cloacae complex,LW,AMO,2,0,0,0,0
EC_LWR1C1,Enterobacter cloacae complex,LW,TR/SL,20,0,0,0,0
EC_LWR1C1,Enterobacter cloacae complex,LW,CFX,4,0,0,0,0
EC_LWR1C1,Enterobacter cloacae complex,LW,CHL,2,0,0,0,0
EC_LWR1C1,Enterobacter cloacae complex,LW,DOX,0.5,0,0,0,0
EC_LWR1C1,Enterobacter cloacae complex,LW,NIT,16,0,0,0,0
EC_LWR1C1,Enterobacter cloacae complex,LW,ENR,0.12,0,0,0,0
EC_LWR1C1,Enterobacter cloacae complex,LW,GEN,1,0,0,0,0
EC_LWR1C1,Enterobacter cloacae complex,LW,TET,1,0,0,0,0
EC_LWR1C1,Enterobacter cloacae complex,LW,IME,0.25,0,0,0,0
EC_LWR1C1,Enterobacter cloacae complex,LW,AMI,2,0,0,0,0
EC_LWR1C6,Klebsiella pneumoniae ssp pneumoniae,LW,AMO,8,0,1,2,0.05
EC_LWR1C6,Klebsiella pneumoniae ssp pneumoniae,LW,TR/SL,20,0,1,2,0.05
EC_LWR1C6,Klebsiella pneumoniae ssp pneumoniae,LW,CFX,4,0,1,2,0.05
EC_LWR1C6,Klebsiella pneumoniae ssp pneumoniae,LW,CHL,4,0,1,2,0.05
EC_LWR1C6,Klebsiella pneumoniae ssp pneumoniae,LW,AMP,16,2,1,2,0.05
EC_LWR1C6,Klebsiella pneumoniae ssp pneumoniae,LW,DOX,1,0,1,2,0.05
EC_LWR1C6,Klebsiella pneumoniae ssp pneumoniae,LW,NIT,64,1,1,2,0.05
EC_LWR1C6,Klebsiella pneumoniae ssp pneumoniae,LW,ENR,0.12,0,1,2,0.05
EC_LWR1C6,Klebsiella pneumoniae ssp pneumoniae,LW,GEN,1,0,1,2,0.05
EC_LWR1C6,Klebsiella pneumoniae ssp pneumoniae,LW,TET,1,0,1,2,0.05
EC_LWR1C6,Klebsiella pneumoniae ssp pneumoniae,LW,IME,0.5,0,1,2,0.05
EC_LWR1C6,Klebsiella pneumoniae ssp pneumoniae,LW,AMI,2,0,1,2,0.05
EC_LWR1C12,Enterobacter cloacae complex,LW,AMO,32,2,4,0,0.21
EC_LWR1C12,Enterobacter cloacae complex,LW,TR/SL,20,0,4,0,0.21
EC_LWR1C12,Enterobacter cloacae complex,LW,CFX,64,2,4,0,0.21
EC_LWR1C12,Enterobacter cloacae complex,LW,CHL,8,0,4,0,0.21
EC_LWR1C12,Enterobacter cloacae complex,LW,DOX,4,0,4,0,0.21
EC_LWR1C12,Enterobacter cloacae complex,LW,NIT,64,1,4,0,0.21
EC_LWR1C12,Enterobacter cloacae complex,LW,ENR,0.12,0,4,0,0.21
EC_LWR1C12,Enterobacter cloacae complex,LW,GEN,1,0,4,0,0.21
EC_LWR1C12,Enterobacter cloacae complex,LW,TET,2,0,4,0,0.21
EC_LWR1C12,Enterobacter cloacae complex,LW,IME,1,0,4,0,0.21
EC_LWR1C12,Enterobacter cloacae complex,LW,AMI,2,0,4,0,0.21
EC_LWR2C4,Enterobacter cloacae complex,LW,AMO,2,2,3,0,0.15
EC_LWR2C4,Enterobacter cloacae complex,LW,TR/SL,20,0,3,0,0.15
EC_LWR2C4,Enterobacter cloacae complex,LW,CFX,64,2,3,0,0.15
EC_LWR2C4,Enterobacter cloacae complex,LW,CHL,2,0,3,0,0.15
EC_LWR2C4,Enterobacter cloacae complex,LW,DOX,1,0,3,0,0.15
EC_LWR2C4,Enterobacter cloacae complex,LW,NIT,64,1,3,0,0.15
EC_LWR2C4,Enterobacter cloacae complex,LW,ENR,0.12,0,3,0,0.15
EC_LWR2C4,Enterobacter cloacae complex,LW,GEN,1,0,3,0,0.15
EC_LWR2C4,Enterobacter cloacae complex,LW,TET,1,0,3,0,0.15
EC_LWR2C4,Enterobacter cloacae complex,LW,IME,0.5,0,3,0,0.15
EC_LWR2C4,Enterobacter cloacae complex,LW,AMI,2,0,3,0,0.15
EC_LWR2C8,Klebsiella pneumoniae ssp pneumoniae,LW,AMO,8,0,1,2,0.05
EC_LWR2C8,Klebsiella pneumoniae ssp pneumoniae,LW,TR/SL,20,0,1,2,0.05
EC_LWR2C8,Klebsiella pneumoniae ssp pneumoniae,LW,CFX,4,0,1,2,0.05
EC_LWR2C8,Klebsiella pneumoniae ssp pneumoniae,LW,CHL,2,0,1,2,0.05
EC_LWR2C8,Klebsiella pneumoniae ssp pneumoniae,LW,AMP,32,2,1,2,0.05
EC_LWR2C8,Klebsiella pneumoniae ssp pneumoniae,LW,DOX,1,0,1,2,0.05
EC_LWR2C8,Klebsiella pneumoniae ssp pneumoniae,LW,NIT,16,0,1,2,0.05
EC_LWR2C8,Klebsiella pneumoniae ssp pneumoniae,LW,ENR,0.12,0,1,2,0.05
EC_LWR2C8,Klebsiella pneumoniae ssp pneumoniae,LW,GEN,1,0,1,2,0.05
EC_LWR2C8,Klebsiella pneumoniae ssp pneumoniae,LW,TET,1,0,1,2,0.05
EC_LWR2C8,Klebsiella pneumoniae ssp pneumoniae,LW,IME,0.25,0,1,2,0.05
EC_LWR2C8,Klebsiella pneumoniae ssp pneumoniae,LW,AMI,2,0,1,2,0.05
EC_LWR2C9,Klebsiella pneumoniae ssp pneumoniae,LW,AMO,8,0,1,2,0.05
EC_LWR2C9,Klebsiella pneumoniae ssp pneumoniae,LW,TR/SL,20,0,1,2,0.05
EC_LWR2C9,Klebsiella pneumoniae ssp pneumoniae,LW,CFX,4,0,1,2,0.05
EC_LWR2C9,Klebsiella pneumoniae ssp pneumoniae,LW,CHL,2,0,1,2,0.05
EC_LWR2C9,Klebsiella pneumoniae ssp pneumoniae,LW,AMP,32,2,1,2,0.05
EC_LWR2C9,Klebsiella pneumoniae ssp pneumoniae,LW,DOX,1,0,1,2,0.05
EC_LWR2C9,Klebsiella pneumoniae ssp pneumoniae,LW,NIT,16,0,1,2,0.05
EC_LWR2C9,Klebsiella pneumoniae ssp pneumoniae,LW,ENR,0.12,0,1,2,0.05
EC_LWR2C9,Klebsiella pneumoniae ssp pneumoniae,LW,GEN,1,0,1,2,0.05
EC_LWR2C9,Klebsiella pneumoniae ssp pneumoniae,LW,TET,1,0,1,2,0.05
EC_LWR2C9,Klebsiella pneumoniae ssp pneumoniae,LW,IME,0.25,0,1,2,0.05
EC_LWR2C9,Klebsiella pneumoniae ssp pneumoniae,LW,AMI,2,0,1,2,0.05
EC_LWR2C12,Enterobacter cloacae complex,LW,AMO,32,2,3,0,0.16
EC_LWR2C12,Enterobacter cloacae complex,LW,TR/SL,20,0,3,0,0.16
EC_LWR2C12,Enterobacter cloacae complex,LW,CFX,64,2,3,0,0.16
EC_LWR2C12,Enterobacter cloacae complex,LW,CHL,2,0,3,0,0.16
EC_LWR2C12,Enterobacter cloacae complex,LW,DOX,1,0,3,0,0.16
EC_LWR2C12,Enterobacter cloacae complex,LW,NIT,16,0,3,0,0.16
EC_LWR2C12,Enterobacter cloacae complex,LW,ENR,0.12,0,3,0,0.16
EC_LWR2C12,Enterobacter cloacae complex,LW,GEN,1,0,3,0,0.16
EC_LWR2C12,Enterobacter cloacae complex,LW,TET,1,0,3,0,0.16
EC_LWR2C12,Enterobacter cloacae complex,LW,IME,1,0,3,0,0.16
EC_LWR2C12,Enterobacter cloacae complex,LW,AMI,2,0,3,0,0.16
EC_FTR1C2,Escherichia coli,FT,AMO,2,0,1,2,0.05
EC_FTR1C2,Escherichia coli,FT,TR/SL,20,0,1,2,0.05
EC_FTR1C2,Escherichia coli,FT,CFX,8,0,1,2,0.05
EC_FTR1C2,Escherichia coli,FT,CHL,4,0,1,2,0.05
EC_FTR1C2,Escherichia coli,FT,AMP,32,2,1,2,0.05
EC_FTR1C2,Escherichia coli,FT,DOX,1,0,1,2,0.05
EC_FTR1C2,Escherichia coli,FT,NIT,16,0,1,2,0.05
EC_FTR1C2,Escherichia coli,FT,ENR,0.12,0,1,2,0.05
EC_FTR1C2,Escherichia coli,FT,GEN,1,0,1,2,0.05
EC_FTR1C2,Escherichia coli,FT,TET,1,0,1,2,0.05
EC_FTR1C2,Escherichia coli,FT,IME,0.25,0,1,2,0.05
EC_FTR1C2,Escherichia coli,FT,AMI,2,0,1,2,0.05
EC_FTR1C4,Escherichia coli,FT,AMO,4,0,1,2,0.05
EC_FTR1C4,Escherichia coli,FT,TR/SL,20,0,1,2,0.05
EC_FTR1C4,Escherichia coli,FT,CFX,8,0,1,2,0.05
EC_FTR1C4,Escherichia coli,FT,CHL,16,1,1,2,0.05
EC_FTR1C4,Escherichia coli,FT,AMP,8,0,1,2,0.05
EC_FTR1C4,Escherichia coli,FT,DOX,8,1,1,2,0.05
EC_FTR1C4,Escherichia coli,FT,NIT,16,0,1,2,0.05
EC_FTR1C4,Escherichia coli,FT,ENR,0.12,0,1,2,0.05
EC_FTR1C4,Escherichia coli,FT,GEN,1,0,1,2,0.05
EC_FTR1C4,Escherichia coli,FT,TET,16,2,1,2,0.05
EC_FTR1C4,Escherichia coli,FT,IME,0.25,0,1,2,0.05
EC_FTR1C4,Escherichia coli,FT,AMI,2,0,1,2,0.05
EC_FTR1C7,Escherichia coli,FT,AMO,2,0,0,2,0
EC_FTR1C7,Escherichia coli,FT,TR/SL,20,0,0,2,0
EC_FTR1C7,Escherichia coli,FT,CFX,8,0,0,2,0
EC_FTR1C7,Escherichia coli,FT,CHL,8,0,0,2,0
EC_FTR1C7,Escherichia coli,FT,AMP,2,0,0,2,0
EC_FTR1C7,Escherichia coli,FT,DOX,1,0,0,2,0
EC_FTR1C7,Escherichia coli,FT,NIT,16,0,0,2,0
EC_FTR1C7,Escherichia coli,FT,ENR,0.12,0,0,2,0
EC_FTR1C7,Escherichia coli,FT,GEN,1,0,0,2,0
EC_FTR1C7,Escherichia coli,FT,TET,1,0,0,2,0
EC_FTR1C7,Escherichia coli,FT,IME,0.25,0,0,2,0
EC_FTR1C7,Escherichia coli,FT,AMI,2,0,0,2,0
EC_FTR1C8,Enterobacter cloacae complex,FT,AMO,4,0,3,0,0.15
EC_FTR1C8,Enterobacter cloacae complex,FT,TR/SL,20,0,3,0,0.15
EC_FTR1C8,Enterobacter cloacae complex,FT,CFX,64,2,3,0,0.15
EC_FTR1C8,Enterobacter cloacae complex,FT,CHL,4,0,3,0,0.15
EC_FTR1C8,Enterobacter cloacae complex,FT,DOX,2,0,3,0,0.15
EC_FTR1C8,Enterobacter cloacae complex,FT,NIT,32,0,3,0,0.15
EC_FTR1C8,Enterobacter cloacae complex,FT,ENR,0.12,0,3,0,0.15
EC_FTR1C8,Enterobacter cloacae complex,FT,GEN,1,0,3,0,0.15
EC_FTR1C8,Enterobacter cloacae complex,FT,TET,1,0,3,0,0.15
EC_FTR1C8,Enterobacter cloacae complex,FT,IME,1,0,3,0,0.15
EC_FTR1C8,Enterobacter cloacae complex,FT,AMI,2,0,3,0,0.15
EC_FTR1C9,Escherichia coli,FT,AMO,2,0,0,2,0
EC_FTR1C9,Escherichia coli,FT,TR/SL,20,0,0,2,0
EC_FTR1C9,Escherichia coli,FT,CFX,8,0,0,2,0
EC_FTR1C9,Escherichia coli,FT,CHL,8,0,0,2,0
EC_FTR1C9,Escherichia coli,FT,AMP,2,0,0,2,0
EC_FTR1C9,Escherichia coli,FT,DOX,1,0,0,2,0
EC_FTR1C9,Escherichia coli,FT,NIT,16,0,0,2,0
EC_FTR1C9,Escherichia coli,FT,ENR,0.12,0,0,2,0
EC_FTR1C9,Escherichia coli,FT,GEN,1,0,0,2,0
EC_FTR1C9,Escherichia coli,FT,TET,1,0,0,2,0
EC_FTR1C9,Escherichia coli,FT,IME,0.25,0,0,2,0
EC_FTR1C9,Escherichia coli,FT,AMI,2,0,0,2,0
EC_FTR1C11,Escherichia coli,FT,AMO,2,0,2,2,0.09
EC_FTR1C11,Escherichia coli,FT,TR/SL,20,0,2,2,0.09
EC_FTR1C11,Escherichia coli,FT,CFX,8,0,2,2,0.09
EC_FTR1C11,Escherichia coli,FT,CHL,4,0,2,2,0.09
EC_FTR1C11,Escherichia coli,FT,AMP,4,0,2,2,0.09
EC_FTR1C11,Escherichia coli,FT,DOX,16,2,2,2,0.09
EC_FTR1C11,Escherichia coli,FT,NIT,16,0,2,2,0.09
EC_FTR1C11,Escherichia coli,FT,ENR,0.12,0,2,2,0.09
EC_FTR1C11,Escherichia coli,FT,GEN,1,0,2,2,0.09
EC_FTR1C11,Escherichia coli,FT,TET,16,2,2,2,0.09
EC_FTR1C11,Escherichia coli,FT,IME,0.25,0,2,2,0.09
EC_FTR1C11,Escherichia coli,FT,AMI,2,0,2,2,0.09
EC_FTR1C13,Enterobacter cloacae complex,FT,AMO,2,0,4,0,0.17
EC_FTR1C13,Enterobacter cloacae complex,FT,TR/SL,20,0,4,0,0.17
EC_FTR1C13,Enterobacter cloacae complex,FT,CFX,64,2,4,0,0.17
EC_FTR1C13,Enterobacter cloacae complex,FT,CHL,4,0,4,0,0.17
EC_FTR1C13,Enterobacter cloacae complex,FT,DOX,16,2,4,0,0.17
EC_FTR1C13,Enterobacter cloacae complex,FT,NIT,16,0,4,0,0.17
EC_FTR1C13,Enterobacter cloacae complex,FT,ENR,0.12,0,4,0,0.17
EC_FTR1C13,Enterobacter cloacae complex,FT,GEN,1,0,4,0,0.17
EC_FTR1C13,Enterobacter cloacae complex,FT,TET,4,0,4,0,0.17
EC_FTR1C13,Enterobacter cloacae complex,FT,IME,0.25,0,4,0,0.17
EC_FTR1C13,Enterobacter cloacae complex,FT,AMI,2,0,4,0,0.17
EC_FTR1C15,Escherichia coli,FT,AMO,2,0,0,2,0
EC_FTR1C15,Escherichia coli,FT,TR/SL,20,0,0,2,0
EC_FTR1C15,Escherichia coli,FT,CFX,8,0,0,2,0
EC_FTR1C15,Escherichia coli,FT,CHL,16,1,0,2,0
EC_FTR1C15,Escherichia coli,FT,AMP,4,0,0,2,0
EC_FTR1C15,Escherichia coli,FT,DOX,1,0,0,2,0
EC_FTR1C15,Escherichia coli,FT,NIT,16,0,0,2,0
EC_FTR1C15,Escherichia coli,FT,ENR,0.12,0,0,2,0
EC_FTR1C15,Escherichia coli,FT,GEN,1,0,0,2,0
EC_FTR1C15,Escherichia coli,FT,TET,1,0,0,2,0
EC_FTR1C15,Escherichia coli,FT,IME,0.25,0,0,2,0
EC_FTR1C15,Escherichia coli,FT,AMI,2,0,0,2,0
EC_FTR1C16,Escherichia coli,FT,AMO,16,0,5,2,0.25
EC_FTR1C16,Escherichia coli,FT,TR/SL,320,2,5,2,0.25
EC_FTR1C16,Escherichia coli,FT,CFX,64,2,5,2,0.25
EC_FTR1C16,Escherichia coli,FT,CHL,4,0,5,2,0.25
EC_FTR1C16,Escherichia coli,FT,AMP,32,2,5,2,0.25
EC_FTR1C16,Escherichia coli,FT,DOX,16,2,5,2,0.25
EC_FTR1C16,Escherichia coli,FT,NIT,16,0,5,2,0.25
EC_FTR1C16,Escherichia coli,FT,ENR,0.5,0,5,2,0.25
EC_FTR1C16,Escherichia coli,FT,GEN,1,0,5,2,0.25
EC_FTR1C16,Escherichia coli,FT,TET,8,1,5,2,0.25
EC_FTR1C16,Escherichia coli,FT,IME,0.25,0,5,2,0.25
EC_FTR1C16,Escherichia coli,FT,AMI,2,0,5,2,0.25
EC_FTR1C17,Escherichia coli,FT,AMO,4,0,6,2,0.32
EC_FTR1C17,Escherichia coli,FT,TR/SL,320,2,6,2,0.32
EC_FTR1C17,Escherichia coli,FT,CFX,64,2,6,2,0.32
EC_FTR1C17,Escherichia coli,FT,CHL,64,2,6,2,0.32
EC_FTR1C17,Escherichia coli,FT,AMP,32,2,6,2,0.32
EC_FTR1C17,Escherichia coli,FT,DOX,16,2,6,2,0.32
EC_FTR1C17,Escherichia coli,FT,NIT,16,0,6,2,0.32
EC_FTR1C17,Escherichia coli,FT,ENR,0.12,0,6,2,0.32
EC_FTR1C17,Escherichia coli,FT,GEN,1,0,6,2,0.32
EC_FTR1C17,Escherichia coli,FT,TET,2,0,6,2,0.32
EC_FTR1C17,Escherichia coli,FT,IME,0.25,0,6,2,0.32
EC_FTR1C17,Escherichia coli,FT,AMI,2,0,6,2,0.32
EC_FTR1C18,Escherichia coli,FT,AMO,4,0,0,2,0
EC_FTR1C18,Escherichia coli,FT,TR/SL,20,0,0,2,0
EC_FTR1C18,Escherichia coli,FT,CFX,8,0,0,2,0
EC_FTR1C18,Escherichia coli,FT,CHL,16,1,0,2,0
EC_FTR1C18,Escherichia coli,FT,AMP,8,0,0,2,0
EC_FTR1C18,Escherichia coli,FT,DOX,2,0,0,2,0
EC_FTR1C18,Escherichia coli,FT,NIT,16,0,0,2,0
EC_FTR1C18,Escherichia coli,FT,ENR,0.12,0,0,2,0
EC_FTR1C18,Escherichia coli,FT,GEN,1,0,0,2,0
EC_FTR1C18,Escherichia coli,FT,TET,1,0,0,2,0
EC_FTR1C18,Escherichia coli,FT,IME,0.25,0,0,2,0
EC_FTR1C18,Escherichia coli,FT,AMI,2,0,0,2,0
EC_FTR2C3,Escherichia coli,FT,AMO,2,0,6,2,0.32
EC_FTR2C3,Escherichia coli,FT,TR/SL,20,0,6,2,0.32
EC_FTR2C3,Escherichia coli,FT,CFX,64,2,6,2,0.32
EC_FTR2C3,Escherichia coli,FT,CHL,8,0,6,2,0.32
EC_FTR2C3,Escherichia coli,FT,AMP,32,2,6,2,0.32
EC_FTR2C3,Escherichia coli,FT,DOX,1,0,6,2,0.32
EC_FTR2C3,Escherichia coli,FT,NIT,16,0,6,2,0.32
EC_FTR2C3,Escherichia coli,FT,ENR,0.12,0,6,2,0.32
EC_FTR2C3,Escherichia coli,FT,GEN,1,0,6,2,0.32
EC_FTR2C3,Escherichia coli,FT,TET,1,0,6,2,0.32
EC_FTR2C3,Escherichia coli,FT,IME,16,2,6,2,0.32
EC_FTR2C3,Escherichia coli,FT,AMI,2,0,6,2,0.32
EC_FTR2C6,Escherichia coli,FT,AMO,2,0,0,2,0
EC_FTR2C6,Escherichia coli,FT,TR/SL,20,0,0,2,0
EC_FTR2C6,Escherichia coli,FT,CFX,8,0,0,2,0
EC_FTR2C6,Escherichia coli,FT,CHL,8,0,0,2,0
EC_FTR2C6,Escherichia coli,FT,AMP,2,0,0,2,0
EC_FTR2C6,Escherichia coli,FT,DOX,1,0,0,2,0
EC_FTR2C6,Escherichia coli,FT,NIT,16,0,0,2,0
EC_FTR2C6,Escherichia coli,FT,ENR,0.12,0,0,2,0
EC_FTR2C6,Escherichia coli,FT,GEN,1,0,0,2,0
EC_FTR2C6,Escherichia coli,FT,TET,1,0,0,2,0
EC_FTR2C6,Escherichia coli,FT,IME,0.25,0,0,2,0
EC_FTR2C6,Escherichia coli,FT,AMI,2,0,0,2,0
EC_FTR2C7,Escherichia coli,FT,AMO,2,0,0,2,0
EC_FTR2C7,Escherichia coli,FT,TR/SL,20,0,0,2,0
EC_FTR2C7,Escherichia coli,FT,CFX,8,0,0,2,0
EC_FTR2C7,Escherichia coli,FT,CHL,8,0,0,2,0
EC_FTR2C7,Escherichia coli,FT,AMP,2,0,0,2,0
EC_FTR2C7,Escherichia coli,FT,DOX,1,0,0,2,0
EC_FTR2C7,Escherichia coli,FT,NIT,16,0,0,2,0
EC_FTR2C7,Escherichia coli,FT,ENR,0.12,0,0,2,0
EC_FTR2C7,Escherichia coli,FT,GEN,1,0,0,2,0
EC_FTR2C7,Escherichia coli,FT,TET,1,0,0,2,0
EC_FTR2C7,Escherichia coli,FT,IME,0.25,0,0,2,0
EC_FTR2C7,Escherichia coli,FT,AMI,2,0,0,2,0
EC_FTR2C8,Escherichia coli,FT,AMO,4,0,2,2,0.09
EC_FTR2C8,Escherichia coli,FT,TR/SL,20,0,2,2,0.09
EC_FTR2C8,Escherichia coli,FT,CFX,8,0,2,2,0.09
EC_FTR2C8,Escherichia coli,FT,CHL,8,0,2,2,0.09
EC_FTR2C8,Escherichia coli,FT,AMP,32,2,2,2,0.09
EC_FTR2C8,Escherichia coli,FT,DOX,16,2,2,2,0.09
EC_FTR2C8,Escherichia coli,FT,NIT,16,0,2,2,0.09
EC_FTR2C8,Escherichia coli,FT,ENR,0.12,0,2,2,0.09
EC_FTR2C8,Escherichia coli,FT,GEN,1,0,2,2,0.09
EC_FTR2C8,Escherichia coli,FT,TET,8,1,2,2,0.09
EC_FTR2C8,Escherichia coli,FT,IME,0.25,0,2,2,0.09
EC_FTR2C8,Escherichia coli,FT,AMI,2,0,2,2,0.09
EC_FTR2C10,Escherichia coli,FT,AMO,2,0,0,2,0
EC_FTR2C10,Escherichia coli,FT,TR/SL,20,0,0,2,0
EC_FTR2C10,Escherichia coli,FT,CFX,8,0,0,2,0
EC_FTR2C10,Escherichia coli,FT,CHL,16,1,0,2,0
EC_FTR2C10,Escherichia coli,FT,AMP,4,0,0,2,0
EC_FTR2C10,Escherichia coli,FT,DOX,1,0,0,2,0
EC_FTR2C10,Escherichia coli,FT,NIT,16,0,0,2,0
EC_FTR2C10,Escherichia coli,FT,ENR,0.12,0,0,2,0
EC_FTR2C10,Escherichia coli,FT,GEN,1,0,0,2,0
EC_FTR2C10,Escherichia coli,FT,TET,1,0,0,2,0
EC_FTR2C10,Escherichia coli,FT,IME,0.25,0,0,2,0
EC_FTR2C10,Escherichia coli,FT,AMI,2,0,0,2,0
EC_FTR2C14,Enterobacter aerogenes,FT,AMO,2,0,5,0,0.24
EC_FTR2C14,Enterobacter aerogenes,FT,TR/SL,20,0,5,0,0.24
EC_FTR2C14,Enterobacter aerogenes,FT,CFX,64,2,5,0,0.24
EC_FTR2C14,Enterobacter aerogenes,FT,CHL,4,0,5,0,0.24
EC_FTR2C14,Enterobacter aerogenes,FT,DOX,16,2,5,0,0.24
EC_FTR2C14,Enterobacter aerogenes,FT,NIT,16,0,5,0,0.24
EC_FTR2C14,Enterobacter aerogenes,FT,ENR,1,1,5,0,0.24
EC_FTR2C14,Enterobacter aerogenes,FT,GEN,1,0,5,0,0.24
EC_FTR2C14,Enterobacter aerogenes,FT,TET,16,2,5,0,0.24
EC_FTR2C14,Enterobacter aerogenes,FT,IME,0.25,0,5,0,0.24
EC_FTR2C14,Enterobacter aerogenes,FT,AMI,2,0,5,0,0.24
EC_FTR2C15,Escherichia coli,FT,CFX,NA,0,1,0,0.05
EC_FTR2C16,Enterobacter aerogenes,FT,AMO,4,0,7,0,0.37
EC_FTR2C16,Enterobacter aerogenes,FT,TR/SL,320,2,7,0,0.37
EC_FTR2C16,Enterobacter aerogenes,FT,CFX,64,2,7,0,0.37
EC_FTR2C16,Enterobacter aerogenes,FT,CHL,64,2,7,0,0.37
EC_FTR2C16,Enterobacter aerogenes,FT,DOX,16,2,7,0,0.37
EC_FTR2C16,Enterobacter aerogenes,FT,NIT,16,0,7,0,0.37
EC_FTR2C16,Enterobacter aerogenes,FT,ENR,1,1,7,0,0.37
EC_FTR2C16,Enterobacter aerogenes,FT,GEN,1,0,7,0,0.37
EC_FTR2C16,Enterobacter aerogenes,FT,TET,8,1,7,0,0.37
EC_FTR2C16,Enterobacter aerogenes,FT,IME,0.25,0,7,0,0.37
EC_FTR2C16,Enterobacter aerogenes,FT,AMI,2,0,7,0,0.37
EC_FTR3C1,Escherichia coli,FT,AMO,2,0,0,2,0
EC_FTR3C1,Escherichia coli,FT,TR/SL,20,0,0,2,0
EC_FTR3C1,Escherichia coli,FT,CFX,8,0,0,2,0
EC_FTR3C1,Escherichia coli,FT,CHL,8,0,0,2,0
EC_FTR3C1,Escherichia coli,FT,AMP,2,0,0,2,0
EC_FTR3C1,Escherichia coli,FT,DOX,1,0,0,2,0
EC_FTR3C1,Escherichia coli,FT,NIT,16,0,0,2,0
EC_FTR3C1,Escherichia coli,FT,ENR,0.12,0,0,2,0
EC_FTR3C1,Escherichia coli,FT,GEN,1,0,0,2,0
EC_FTR3C1,Escherichia coli,FT,TET,1,0,0,2,0
EC_FTR3C1,Escherichia coli,FT,IME,0.25,0,0,2,0
EC_FTR3C1,Escherichia coli,FT,AMI,2,0,0,2,0
EC_FTR3C8,Klebsiella pneumoniae ssp pneumoniae,FT,AMO,2,0,6,2,0.27
EC_FTR3C8,Klebsiella pneumoniae ssp pneumoniae,FT,TR/SL,320,2,6,2,0.27
EC_FTR3C8,Klebsiella pneumoniae ssp pneumoniae,FT,CFX,64,2,6,2,0.27
EC_FTR3C8,Klebsiella pneumoniae ssp pneumoniae,FT,CHL,4,0,6,2,0.27
EC_FTR3C8,Klebsiella pneumoniae ssp pneumoniae,FT,AMP,32,2,6,2,0.27
EC_FTR3C8,Klebsiella pneumoniae ssp pneumoniae,FT,DOX,16,2,6,2,0.27
EC_FTR3C8,Klebsiella pneumoniae ssp pneumoniae,FT,NIT,32,0,6,2,0.27
EC_FTR3C8,Klebsiella pneumoniae ssp pneumoniae,FT,ENR,1,1,6,2,0.27
EC_FTR3C8,Klebsiella pneumoniae ssp pneumoniae,FT,GEN,1,0,6,2,0.27
EC_FTR3C8,Klebsiella pneumoniae ssp pneumoniae,FT,TET,16,2,6,2,0.27
EC_FTR3C8,Klebsiella pneumoniae ssp pneumoniae,FT,IME,1,0,6,2,0.27
EC_FTR3C8,Klebsiella pneumoniae ssp pneumoniae,FT,AMI,2,0,6,2,0.27
EC_FTR3C10,Klebsiella pneumoniae ssp pneumoniae,FT,AMO,4,0,4,2,0.18
EC_FTR3C10,Klebsiella pneumoniae ssp pneumoniae,FT,TR/SL,320,2,4,2,0.18
EC_FTR3C10,Klebsiella pneumoniae ssp pneumoniae,FT,CFX,4,0,4,2,0.18
EC_FTR3C10,Klebsiella pneumoniae ssp pneumoniae,FT,CHL,4,0,4,2,0.18
EC_FTR3C10,Klebsiella pneumoniae ssp pneumoniae,FT,AMP,32,2,4,2,0.18
EC_FTR3C10,Klebsiella pneumoniae ssp pneumoniae,FT,DOX,16,2,4,2,0.18
EC_FTR3C10,Klebsiella pneumoniae ssp pneumoniae,FT,NIT,64,1,4,2,0.18
EC_FTR3C10,Klebsiella pneumoniae ssp pneumoniae,FT,ENR,1,1,4,2,0.18
EC_FTR3C10,Klebsiella pneumoniae ssp pneumoniae,FT,GEN,1,0,4,2,0.18
EC_FTR3C10,Klebsiella pneumoniae ssp pneumoniae,FT,TET,16,2,4,2,0.18
EC_FTR3C10,Klebsiella pneumoniae ssp pneumoniae,FT,IME,0.5,0,4,2,0.18
EC_FTR3C10,Klebsiella pneumoniae ssp pneumoniae,FT,AMI,2,0,4,2,0.18
EC_FTR3C16,Klebsiella pneumoniae ssp pneumoniae,FT,AMO,8,0,2,2,0.09
EC_FTR3C16,Klebsiella pneumoniae ssp pneumoniae,FT,TR/SL,20,0,2,2,0.09
EC_FTR3C16,Klebsiella pneumoniae ssp pneumoniae,FT,CFX,64,2,2,2,0.09
EC_FTR3C16,Klebsiella pneumoniae ssp pneumoniae,FT,CHL,4,0,2,2,0.09
EC_FTR3C16,Klebsiella pneumoniae ssp pneumoniae,FT,AMP,16,2,2,2,0.09
EC_FTR3C16,Klebsiella pneumoniae ssp pneumoniae,FT,DOX,1,0,2,2,0.09
EC_FTR3C16,Klebsiella pneumoniae ssp pneumoniae,FT,NIT,32,0,2,2,0.09
EC_FTR3C16,Klebsiella pneumoniae ssp pneumoniae,FT,ENR,0.12,0,2,2,0.09
EC_FTR3C16,Klebsiella pneumoniae ssp pneumoniae,FT,GEN,1,0,2,2,0.09
EC_FTR3C16,Klebsiella pneumoniae ssp pneumoniae,FT,TET,1,0,2,2,0.09
EC_FTR3C16,Klebsiella pneumoniae ssp pneumoniae,FT,IME,0.5,0,2,2,0.09
EC_FTR3C16,Klebsiella pneumoniae ssp pneumoniae,FT,AMI,2,0,2,2,0.09
EC_FTR3C17,Escherichia coli,FT,AMO,4,0,7,2,0.37
EC_FTR3C17,Escherichia coli,FT,TR/SL,320,2,7,2,0.37
EC_FTR3C17,Escherichia coli,FT,CFX,64,2,7,2,0.37
EC_FTR3C17,Escherichia coli,FT,CHL,64,2,7,2,0.37
EC_FTR3C17,Escherichia coli,FT,AMP,32,2,7,2,0.37
EC_FTR3C17,Escherichia coli,FT,DOX,16,2,7,2,0.37
EC_FTR3C17,Escherichia coli,FT,NIT,16,0,7,2,0.37
EC_FTR3C17,Escherichia coli,FT,ENR,0.5,0,7,2,0.37
EC_FTR3C17,Escherichia coli,FT,GEN,1,0,7,2,0.37
EC_FTR3C17,Escherichia coli,FT,TET,16,2,7,2,0.37
EC_FTR3C17,Escherichia coli,FT,IME,0.25,0,7,2,0.37
EC_FTR3C17,Escherichia coli,FT,AMI,2,0,7,2,0.37
EC_FTR3C18,Escherichia coli,FT,AMO,4,0,6,2,0.27
EC_FTR3C18,Escherichia coli,FT,TR/SL,320,2,6,2,0.27
EC_FTR3C18,Escherichia coli,FT,CFX,64,2,6,2,0.27
EC_FTR3C18,Escherichia coli,FT,CHL,64,2,6,2,0.27
EC_FTR3C18,Escherichia coli,FT,AMP,32,2,6,2,0.27
EC_FTR3C18,Escherichia coli,FT,DOX,16,2,6,2,0.27
EC_FTR3C18,Escherichia coli,FT,NIT,16,0,6,2,0.27
EC_FTR3C18,Escherichia coli,FT,ENR,0.5,0,6,2,0.27
EC_FTR3C18,Escherichia coli,FT,GEN,1,0,6,2,0.27
EC_FTR3C18,Escherichia coli,FT,TET,16,2,6,2,0.27
EC_FTR3C18,Escherichia coli,FT,IME,0.25,0,6,2,0.27
EC_FTR3C18,Escherichia coli,FT,AMI,2,0,6,2,0.27
SAL_FTR2C1,Salmonella enterica spp diarozonae,FT,AMO,16,0,6,0,0.3
SAL_FTR2C1,Salmonella enterica spp diarozonae,FT,TR/SL,20,0,6,0,0.3
SAL_FTR2C1,Salmonella enterica spp diarozonae,FT,CFX,32,2,6,0,0.3
SAL_FTR2C1,Salmonella enterica spp diarozonae,FT,CHL,32,2,6,0,0.3
SAL_FTR2C1,Salmonella enterica spp diarozonae,FT,AMP,8,2,6,0,0.3
SAL_FTR2C1,Salmonella enterica spp diarozonae,FT,DOX,2,0,6,0,0.3
SAL_FTR2C1,Salmonella enterica spp diarozonae,FT,NIT,16,0,6,0,0.3
SAL_FTR2C1,Salmonella enterica spp diarozonae,FT,ENR,1,1,6,0,0.3
SAL_FTR2C1,Salmonella enterica spp diarozonae,FT,GEN,1,2,6,0,0.3
SAL_FTR2C1,Salmonella enterica spp diarozonae,FT,TET,1,0,6,0,0.3
SAL_FTR2C1,Salmonella enterica spp diarozonae,FT,IME,1,0,6,0,0.3
SAL_FTR2C1,Salmonella enterica spp diarozonae,FT,AMI,4,2,6,0,0.3
SAL_FTR2C5,Salmonella enterica spp diarozonae,FT,AMO,2,0,5,0,0.25
SAL_FTR2C5,Salmonella enterica spp diarozonae,FT,TR/SL,20,0,5,0,0.25
SAL_FTR2C5,Salmonella enterica spp diarozonae,FT,CFX,32,2,5,0,0.25
SAL_FTR2C5,Salmonella enterica spp diarozonae,FT,CHL,16,1,5,0,0.25
SAL_FTR2C5,Salmonella enterica spp diarozonae,FT,AMP,4,2,5,0,0.25
SAL_FTR2C5,Salmonella enterica spp diarozonae,FT,DOX,1,0,5,0,0.25
SAL_FTR2C5,Salmonella enterica spp diarozonae,FT,NIT,16,0,5,0,0.25
SAL_FTR2C5,Salmonella enterica spp diarozonae,FT,ENR,1,1,5,0,0.25
SAL_FTR2C5,Salmonella enterica spp diarozonae,FT,GEN,1,2,5,0,0.25
SAL_FTR2C5,Salmonella enterica spp diarozonae,FT,TET,1,0,5,0,0.25
SAL_FTR2C5,Salmonella enterica spp diarozonae,FT,IME,0.25,0,5,0,0.25
SAL_FTR2C5,Salmonella enterica spp diarozonae,FT,AMI,2,2,5,0,0.25
SAL_FTR3C6,Escherichia coli,FT,AMO,4,0,11,1,0.52
SAL_FTR3C6,Escherichia coli,FT,TR/SL,320,2,11,1,0.52
SAL_FTR3C6,Escherichia coli,FT,CFX,64,2,11,1,0.52
SAL_FTR3C6,Escherichia coli,FT,CHL,8,0,11,1,0.52
SAL_FTR3C6,Escherichia coli,FT,AMP,32,2,11,1,0.52
SAL_FTR3C6,Escherichia coli,FT,DOX,16,2,11,1,0.52
SAL_FTR3C6,Escherichia coli,FT,NIT,16,0,11,1,0.52
SAL_FTR3C6,Escherichia coli,FT,ENR,4,2,11,1,0.52
SAL_FTR3C6,Escherichia coli,FT,GEN,1,0,11,1,0.52
SAL_FTR3C6,Escherichia coli,FT,TET,16,2,11,1,0.52
SAL_FTR3C6,Escherichia coli,FT,IME,0.25,0,11,1,0.52
SAL_FTR3C6,Escherichia coli,FT,AMI,2,0,11,1,0.52
VC_FTR1C1,Escherichia coli,FT,AMO,4,0,2,2,0.09
VC_FTR1C1,Escherichia coli,FT,TR/SL,20,0,2,2,0.09
VC_FTR1C1,Escherichia coli,FT,CFX,8,0,2,2,0.09
VC_FTR1C1,Escherichia coli,FT,CHL,4,0,2,2,0.09
VC_FTR1C1,Escherichia coli,FT,AMP,32,2,2,2,0.09
VC_FTR1C1,Escherichia coli,FT,DOX,8,1,2,2,0.09
VC_FTR1C1,Escherichia coli,FT,NIT,16,0,2,2,0.09
VC_FTR1C1,Escherichia coli,FT,ENR,0.5,0,2,2,0.09
VC_FTR1C1,Escherichia coli,FT,GEN,1,0,2,2,0.09
VC_FTR1C1,Escherichia coli,FT,TET,16,2,2,2,0.09
VC_FTR1C1,Escherichia coli,FT,IME,0.25,0,2,2,0.09
VC_FTR1C1,Escherichia coli,FT,AMI,2,0,2,2,0.09
VC_FTR3C1,Klebsiella pneumoniae ssp pneumoniae,FT,AMO,16,0,7,2,0.33
VC_FTR3C1,Klebsiella pneumoniae ssp pneumoniae,FT,TR/SL,320,2,7,2,0.33
VC_FTR3C1,Klebsiella pneumoniae ssp pneumoniae,FT,CFX,64,2,7,2,0.33
VC_FTR3C1,Klebsiella pneumoniae ssp pneumoniae,FT,CHL,64,2,7,2,0.33
VC_FTR3C1,Klebsiella pneumoniae ssp pneumoniae,FT,AMP,32,2,7,2,0.33
VC_FTR3C1,Klebsiella pneumoniae ssp pneumoniae,FT,DOX,16,2,7,2,0.33
VC_FTR3C1,Klebsiella pneumoniae ssp pneumoniae,FT,NIT,16,0,7,2,0.33
VC_FTR3C1,Klebsiella pneumoniae ssp pneumoniae,FT,ENR,1,1,7,2,0.33
VC_FTR3C1,Klebsiella pneumoniae ssp pneumoniae,FT,GEN,1,0,7,2,0.33
VC_FTR3C1,Klebsiella pneumoniae ssp pneumoniae,FT,TET,16,2,7,2,0.33
VC_FTR3C1,Klebsiella pneumoniae ssp pneumoniae,FT,IME,0.25,0,7,2,0.33
VC_FTR3C1,Klebsiella pneumoniae ssp pneumoniae,FT,AMI,2,0,7,2,0.33
VC_FTR3C4,Escherichia coli,FT,AMO,2,0,0,2,0
VC_FTR3C4,Escherichia coli,FT,TR/SL,20,0,0,2,0
VC_FTR3C4,Escherichia coli,FT,CFX,8,0,0,2,0
VC_FTR3C4,Escherichia coli,FT,CHL,8,0,0,2,0
VC_FTR3C4,Escherichia coli,FT,AMP,4,0,0,2,0
VC_FTR3C4,Escherichia coli,FT,DOX,1,0,0,2,0
VC_FTR3C4,Escherichia coli,FT,NIT,16,0,0,2,0
VC_FTR3C4,Escherichia coli,FT,ENR,0.12,0,0,2,0
VC_FTR3C4,Escherichia coli,FT,GEN,1,0,0,2,0
VC_FTR3C4,Escherichia coli,FT,TET,1,0,0,2,0
VC_FTR3C4,Escherichia coli,FT,IME,0.25,0,0,2,0
VC_FTR3C4,Escherichia coli,FT,AMI,2,0,0,2,0
EC_FKR1C3,Klebsiella pneumoniae ssp pneumoniae,FK,AMO,4,0,1,2,0.05
EC_FKR1C3,Klebsiella pneumoniae ssp pneumoniae,FK,TR/SL,20,0,1,2,0.05
EC_FKR1C3,Klebsiella pneumoniae ssp pneumoniae,FK,CFX,4,0,1,2,0.05
EC_FKR1C3,Klebsiella pneumoniae ssp pneumoniae,FK,CHL,2,0,1,2,0.05
EC_FKR1C3,Klebsiella pneumoniae ssp pneumoniae,FK,AMP,32,2,1,2,0.05
EC_FKR1C3,Klebsiella pneumoniae ssp pneumoniae,FK,DOX,1,0,1,2,0.05
EC_FKR1C3,Klebsiella pneumoniae ssp pneumoniae,FK,NIT,64,1,1,2,0.05
EC_FKR1C3,Klebsiella pneumoniae ssp pneumoniae,FK,ENR,0.12,0,1,2,0.05
EC_FKR1C3,Klebsiella pneumoniae ssp pneumoniae,FK,GEN,1,0,1,2,0.05
EC_FKR1C3,Klebsiella pneumoniae ssp pneumoniae,FK,TET,1,0,1,2,0.05
EC_FKR1C3,Klebsiella pneumoniae ssp pneumoniae,FK,IME,0.5,0,1,2,0.05
EC_FKR1C3,Klebsiella pneumoniae ssp pneumoniae,FK,AMI,2,0,1,2,0.05
EC_FKR2C1,Escherichia coli,FK,AMO,2,0,0,2,0
EC_FKR2C1,Escherichia coli,FK,TR/SL,20,0,0,2,0
EC_FKR2C1,Escherichia coli,FK,CFX,8,0,0,2,0
EC_FKR2C1,Escherichia coli,FK,CHL,4,0,0,2,0
EC_FKR2C1,Escherichia coli,FK,AMP,2,0,0,2,0
EC_FKR2C1,Escherichia coli,FK,DOX,1,0,0,2,0
EC_FKR2C1,Escherichia coli,FK,NIT,16,0,0,2,0
EC_FKR2C1,Escherichia coli,FK,ENR,0.12,0,0,2,0
EC_FKR2C1,Escherichia coli,FK,GEN,1,0,0,2,0
EC_FKR2C1,Escherichia coli,FK,TET,1,0,0,2,0
EC_FKR2C1,Escherichia coli,FK,IME,0.25,0,0,2,0
EC_FKR2C1,Escherichia coli,FK,AMI,2,0,0,2,0
EC_FKR2C4,Klebsiella pneumoniae ssp pneumoniae,FK,AMO,4,0,3,2,0.14
EC_FKR2C4,Klebsiella pneumoniae ssp pneumoniae,FK,TR/SL,20,0,3,2,0.14
EC_FKR2C4,Klebsiella pneumoniae ssp pneumoniae,FK,CFX,8,0,3,2,0.14
EC_FKR2C4,Klebsiella pneumoniae ssp pneumoniae,FK,CHL,4,0,3,2,0.14
EC_FKR2C4,Klebsiella pneumoniae ssp pneumoniae,FK,AMP,32,2,3,2,0.14
EC_FKR2C4,Klebsiella pneumoniae ssp pneumoniae,FK,DOX,16,2,3,2,0.14
EC_FKR2C4,Klebsiella pneumoniae ssp pneumoniae,FK,NIT,32,0,3,2,0.14
EC_FKR2C4,Klebsiella pneumoniae ssp pneumoniae,FK,ENR,1,1,3,2,0.14
EC_FKR2C4,Klebsiella pneumoniae ssp pneumoniae,FK,GEN,1,0,3,2,0.14
EC_FKR2C4,Klebsiella pneumoniae ssp pneumoniae,FK,TET,16,2,3,2,0.14
EC_FKR2C4,Klebsiella pneumoniae ssp pneumoniae,FK,IME,0.25,0,3,2,0.14
EC_FKR2C4,Klebsiella pneumoniae ssp pneumoniae,FK,AMI,2,0,3,2,0.14
EC_FKR2C6,Klebsiella pneumoniae ssp pneumoniae,FK,AMO,2,0,2,2,0.09
EC_FKR2C6,Klebsiella pneumoniae ssp pneumoniae,FK,TR/SL,20,0,2,2,0.09
EC_FKR2C6,Klebsiella pneumoniae ssp pneumoniae,FK,CFX,4,0,2,2,0.09
EC_FKR2C6,Klebsiella pneumoniae ssp pneumoniae,FK,CHL,4,0,2,2,0.09
EC_FKR2C6,Klebsiella pneumoniae ssp pneumoniae,FK,AMP,32,2,2,2,0.09
EC_FKR2C6,Klebsiella pneumoniae ssp pneumoniae,FK,DOX,16,2,2,2,0.09
EC_FKR2C6,Klebsiella pneumoniae ssp pneumoniae,FK,NIT,32,0,2,2,0.09
EC_FKR2C6,Klebsiella pneumoniae ssp pneumoniae,FK,ENR,0.12,0,2,2,0.09
EC_FKR2C6,Klebsiella pneumoniae ssp pneumoniae,FK,GEN,1,0,2,2,0.09
EC_FKR2C6,Klebsiella pneumoniae ssp pneumoniae,FK,TET,2,1,2,2,0.09
EC_FKR2C6,Klebsiella pneumoniae ssp pneumoniae,FK,IME,0.25,0,2,2,0.09
EC_FKR2C6,Klebsiella pneumoniae ssp pneumoniae,FK,AMI,2,0,2,2,0.09
EC_FKR3C1,Klebsiella pneumoniae ssp pneumoniae,FK,AMO,2,0,1,2,0.05
EC_FKR3C1,Klebsiella pneumoniae ssp pneumoniae,FK,TR/SL,20,0,1,2,0.05
EC_FKR3C1,Klebsiella pneumoniae ssp pneumoniae,FK,CFX,4,0,1,2,0.05
EC_FKR3C1,Klebsiella pneumoniae ssp pneumoniae,FK,CHL,2,0,1,2,0.05
EC_FKR3C1,Klebsiella pneumoniae ssp pneumoniae,FK,AMP,32,2,1,2,0.05
EC_FKR3C1,Klebsiella pneumoniae ssp pneumoniae,FK,DOX,1,0,1,2,0.05
EC_FKR3C1,Klebsiella pneumoniae ssp pneumoniae,FK,NIT,32,0,1,2,0.05
EC_FKR3C1,Klebsiella pneumoniae ssp pneumoniae,FK,ENR,0.12,0,1,2,0.05
EC_FKR3C1,Klebsiella pneumoniae ssp pneumoniae,FK,GEN,1,0,1,2,0.05
EC_FKR3C1,Klebsiella pneumoniae ssp pneumoniae,FK,TET,1,0,1,2,0.05
EC_FKR3C1,Klebsiella pneumoniae ssp pneumoniae,FK,IME,0.25,0,1,2,0.05
EC_FKR3C1,Klebsiella pneumoniae ssp pneumoniae,FK,AMI,2,0,1,2,0.05
EC_FKR3C2,Klebsiella pneumoniae ssp pneumoniae,FK,AMO,2,0,1,2,0.05
EC_FKR3C2,Klebsiella pneumoniae ssp pneumoniae,FK,TR/SL,20,0,1,2,0.05
EC_FKR3C2,Klebsiella pneumoniae ssp pneumoniae,FK,CFX,4,0,1,2,0.05
EC_FKR3C2,Klebsiella pneumoniae ssp pneumoniae,FK,CHL,64,0,1,2,0.05
EC_FKR3C2,Klebsiella pneumoniae ssp pneumoniae,FK,AMP,32,2,1,2,0.05
EC_FKR3C2,Klebsiella pneumoniae ssp pneumoniae,FK,DOX,1,0,1,2,0.05
EC_FKR3C2,Klebsiella pneumoniae ssp pneumoniae,FK,NIT,64,1,1,2,0.05
EC_FKR3C2,Klebsiella pneumoniae ssp pneumoniae,FK,ENR,0.12,0,1,2,0.05
EC_FKR3C2,Klebsiella pneumoniae ssp pneumoniae,FK,GEN,1,0,1,2,0.05
EC_FKR3C2,Klebsiella pneumoniae ssp pneumoniae,FK,TET,1,0,1,2,0.05
EC_FKR3C2,Klebsiella pneumoniae ssp pneumoniae,FK,IME,0.5,0,1,2,0.05
EC_FKR3C2,Klebsiella pneumoniae ssp pneumoniae,FK,AMI,2,0,1,2,0.05
EC_FKR3C4,Escherichia coli,FK,AMO,2,0,4,2,0.18
EC_FKR3C4,Escherichia coli,FK,TR/SL,20,0,4,2,0.18
EC_FKR3C4,Escherichia coli,FK,CFX,8,0,4,2,0.18
EC_FKR3C4,Escherichia coli,FK,CHL,8,2,4,2,0.18
EC_FKR3C4,Escherichia coli,FK,AMP,32,2,4,2,0.18
EC_FKR3C4,Escherichia coli,FK,DOX,16,2,4,2,0.18
EC_FKR3C4,Escherichia coli,FK,NIT,16,0,4,2,0.18
EC_FKR3C4,Escherichia coli,FK,ENR,0.5,0,4,2,0.18
EC_FKR3C4,Escherichia coli,FK,GEN,1,0,4,2,0.18
EC_FKR3C4,Escherichia coli,FK,TET,16,2,4,2,0.18
EC_FKR3C4,Escherichia coli,FK,IME,0.25,0,4,2,0.18
EC_FKR3C4,Escherichia coli,FK,AMI,2,0,4,2,0.18
EC_FKR3C5,Escherichia coli,FK,AMO,2,0,1,2,0.05
EC_FKR3C5,Escherichia coli,FK,TR/SL,20,0,1,2,0.05
EC_FKR3C5,Escherichia coli,FK,CFX,8,0,1,2,0.05
EC_FKR3C5,Escherichia coli,FK,CHL,8,0,1,2,0.05
EC_FKR3C5,Escherichia coli,FK,AMP,4,0,1,2,0.05
EC_FKR3C5,Escherichia coli,FK,DOX,16,2,1,2,0.05
EC_FKR3C5,Escherichia coli,FK,NIT,16,0,1,2,0.05
EC_FKR3C5,Escherichia coli,FK,ENR,0.12,0,1,2,0.05
EC_FKR3C5,Escherichia coli,FK,GEN,1,0,1,2,0.05
EC_FKR3C5,Escherichia coli,FK,TET,8,1,1,2,0.05
EC_FKR3C5,Escherichia coli,FK,IME,0.25,0,1,2,0.05
EC_FKR3C5,Escherichia coli,FK,AMI,2,0,1,2,0.05
SAL_FKR3C4,Escherichia coli,FK,AMO,2,0,0,2,0
SAL_FKR3C4,Escherichia coli,FK,TR/SL,20,0,0,2,0
SAL_FKR3C4,Escherichia coli,FK,CFX,8,0,0,2,0
SAL_FKR3C4,Escherichia coli,FK,CHL,4,0,0,2,0
SAL_FKR3C4,Escherichia coli,FK,AMP,2,0,0,2,0
SAL_FKR3C4,Escherichia coli,FK,DOX,1,0,0,2,0
SAL_FKR3C4,Escherichia coli,FK,NIT,16,0,0,2,0
SAL_FKR3C4,Escherichia coli,FK,ENR,0.12,0,0,2,0
SAL_FKR3C4,Escherichia coli,FK,GEN,1,0,0,2,0
SAL_FKR3C4,Escherichia coli,FK,TET,1,0,0,2,0
SAL_FKR3C4,Escherichia coli,FK,IME,0.25,0,0,2,0
SAL_FKR3C4,Escherichia coli,FK,AMI,2,0,0,2,0
VC_FKR1C1,Escherichia coli,FK,AMO,2,0,1,2,0.05
VC_FKR1C1,Escherichia coli,FK,TR/SL,20,0,1,2,0.05
VC_FKR1C1,Escherichia coli,FK,CFX,8,0,1,2,0.05
VC_FKR1C1,Escherichia coli,FK,AMP,4,0,1,2,0.05
VC_FKR1C1,Escherichia coli,FK,DOX,16,2,1,2,0.05
VC_FKR1C1,Escherichia coli,FK,NIT,16,0,1,2,0.05
VC_FKR1C1,Escherichia coli,FK,ENR,0.12,0,1,2,0.05
VC_FKR1C1,Escherichia coli,FK,GEN,1,0,1,2,0.05
VC_FKR1C1,Escherichia coli,FK,TET,8,1,1,2,0.05
VC_FKR1C1,Escherichia coli,FK,IME,0.25,0,1,2,0.05
VC_FKR1C1,Escherichia coli,FK,AMI,2,0,1,2,0.05
EC_DWR1C1,Enterobacter cloacae complex,DW,AMO,32,2,3,0,0.15
EC_DWR1C1,Enterobacter cloacae complex,DW,TR/SL,20,0,3,0,0.15
EC_DWR1C1,Enterobacter cloacae complex,DW,CFX,64,2,3,0,0.15
EC_DWR1C1,Enterobacter cloacae complex,DW,CHL,4,0,3,0,0.15
EC_DWR1C1,Enterobacter cloacae complex,DW,DOX,2,0,3,0,0.15
EC_DWR1C1,Enterobacter cloacae complex,DW,NIT,32,0,3,0,0.15
EC_DWR1C1,Enterobacter cloacae complex,DW,ENR,0.12,0,3,0,0.15
EC_DWR1C1,Enterobacter cloacae complex,DW,GEN,1,0,3,0,0.15
EC_DWR1C1,Enterobacter cloacae complex,DW,TET,1,0,3,0,0.15
EC_DWR1C1,Enterobacter cloacae complex,DW,IME,0.5,0,3,0,0.15
EC_DWR1C1,Enterobacter cloacae complex,DW,AMI,2,0,3,0,0.15
EC_DWR1C3,Klebsiella pneumoniae ssp pneumoniae,DW,AMO,4,0,1,2,0.05
EC_DWR1C3,Klebsiella pneumoniae ssp pneumoniae,DW,TR/SL,20,0,1,2,0.05
EC_DWR1C3,Klebsiella pneumoniae ssp pneumoniae,DW,CFX,4,0,1,2,0.05
EC_DWR1C3,Klebsiella pneumoniae ssp pneumoniae,DW,CHL,2,0,1,2,0.05
EC_DWR1C3,Klebsiella pneumoniae ssp pneumoniae,DW,AMP,16,2,1,2,0.05
EC_DWR1C3,Klebsiella pneumoniae ssp pneumoniae,DW,DOX,1,0,1,2,0.05
EC_DWR1C3,Klebsiella pneumoniae ssp pneumoniae,DW,NIT,16,0,1,2,0.05
EC_DWR1C3,Klebsiella pneumoniae ssp pneumoniae,DW,ENR,0.12,0,1,2,0.05
EC_DWR1C3,Klebsiella pneumoniae ssp pneumoniae,DW,GEN,1,0,1,2,0.05
EC_DWR1C3,Klebsiella pneumoniae ssp pneumoniae,DW,TET,1,0,1,2,0.05
EC_DWR1C3,Klebsiella pneumoniae ssp pneumoniae,DW,IME,0.25,0,1,2,0.05
EC_DWR1C3,Klebsiella pneumoniae ssp pneumoniae,DW,AMI,2,0,1,2,0.05
EC_DWR1C7,Escherichia coli,DW,AMO,4,0,3,2,0.14
EC_DWR1C7,Escherichia coli,DW,TR/SL,20,0,3,2,0.14
EC_DWR1C7,Escherichia coli,DW,CFX,4,0,3,2,0.14
EC_DWR1C7,Escherichia coli,DW,CHL,4,0,3,2,0.14
EC_DWR1C7,Escherichia coli,DW,AMP,32,2,3,2,0.14
EC_DWR1C7,Escherichia coli,DW,DOX,16,2,3,2,0.14
EC_DWR1C7,Escherichia coli,DW,NIT,16,0,3,2,0.14
EC_DWR1C7,Escherichia coli,DW,ENR,0.12,0,3,2,0.14
EC_DWR1C7,Escherichia coli,DW,GEN,1,0,3,2,0.14
EC_DWR1C7,Escherichia coli,DW,TET,16,2,3,2,0.14
EC_DWR1C7,Escherichia coli,DW,IME,0.25,0,3,2,0.14
EC_DWR1C7,Escherichia coli,DW,AMI,2,0,3,2,0.14
EC_DWR1C3,Escherichia coli,DW,AMO,4,0,4,2,0.19
EC_DWR1C3,Escherichia coli,DW,TR/SL,320,2,4,2,0.19
EC_DWR1C3,Escherichia coli,DW,CFX,16,0,4,2,0.19
EC_DWR1C3,Escherichia coli,DW,CHL,4,0,4,2,0.19
EC_DWR1C3,Escherichia coli,DW,AMP,32,2,4,2,0.19
EC_DWR1C3,Escherichia coli,DW,DOX,16,2,4,2,0.19
EC_DWR1C3,Escherichia coli,DW,NIT,16,0,4,2,0.19
EC_DWR1C3,Escherichia coli,DW,ENR,0.12,0,4,2,0.19
EC_DWR1C3,Escherichia coli,DW,GEN,1,0,4,2,0.19
EC_DWR1C3,Escherichia coli,DW,TET,16,2,4,2,0.19
EC_DWR1C3,Escherichia coli,DW,IME,0.25,0,4,2,0.19
EC_DWR1C3,Escherichia coli,DW,AMI,2,0,4,2,0.19
EC_DWR2C4,Klebsiella pneumoniae ssp pneumoniae,DW,AMO,8,0,2,2,0.1
EC_DWR2C4,Klebsiella pneumoniae ssp pneumoniae,DW,TR/SL,320,2,2,2,0.1
EC_DWR2C4,Klebsiella pneumoniae ssp pneumoniae,DW,CFX,8,0,2,2,0.1
EC_DWR2C4,Klebsiella pneumoniae ssp pneumoniae,DW,CHL,8,0,2,2,0.1
EC_DWR2C4,Klebsiella pneumoniae ssp pneumoniae,DW,AMP,32,2,2,2,0.1
EC_DWR2C4,Klebsiella pneumoniae ssp pneumoniae,DW,DOX,1,0,2,2,0.1
EC_DWR2C4,Klebsiella pneumoniae ssp pneumoniae,DW,NIT,16,0,2,2,0.1
EC_DWR2C4,Klebsiella pneumoniae ssp pneumoniae,DW,ENR,0.5,0,2,2,0.1
EC_DWR2C4,Klebsiella pneumoniae ssp pneumoniae,DW,GEN,1,0,2,2,0.1
EC_DWR2C4,Klebsiella pneumoniae ssp pneumoniae,DW,TET,1,0,2,2,0.1
EC_DWR2C4,Klebsiella pneumoniae ssp pneumoniae,DW,IME,0.25,0,2,2,0.1
EC_DWR2C4,Klebsiella pneumoniae ssp pneumoniae,DW,AMI,2,0,2,2,0.1
EC_DWR2C8,Escherichia coli,DW,AMO,2,0,0,2,0
EC_DWR2C8,Escherichia coli,DW,TR/SL,20,0,0,2,0
EC_DWR2C8,Escherichia coli,DW,CFX,8,0,0,2,0
EC_DWR2C8,Escherichia coli,DW,CHL,8,0,0,2,0
EC_DWR2C8,Escherichia coli,DW,AMP,8,0,0,2,0
EC_DWR2C8,Escherichia coli,DW,DOX,1,0,0,2,0
EC_DWR2C8,Escherichia coli,DW,NIT,16,0,0,2,0
EC_DWR2C8,Escherichia coli,DW,ENR,0.12,0,0,2,0
EC_DWR2C8,Escherichia coli,DW,GEN,1,0,0,2,0
EC_DWR2C8,Escherichia coli,DW,TET,1,0,0,2,0
EC_DWR2C8,Escherichia coli,DW,IME,0.25,0,0,2,0
EC_DWR2C8,Escherichia coli,DW,AMI,2,0,0,2,0
EC_DWR2C9,Escherichia coli,DW,AMO,4,0,3,2,0.14
EC_DWR2C9,Escherichia coli,DW,TR/SL,20,0,3,2,0.14
EC_DWR2C9,Escherichia coli,DW,CFX,8,0,3,2,0.14
EC_DWR2C9,Escherichia coli,DW,CHL,8,0,3,2,0.14
EC_DWR2C9,Escherichia coli,DW,AMP,32,2,3,2,0.14
EC_DWR2C9,Escherichia coli,DW,DOX,16,2,3,2,0.14
EC_DWR2C9,Escherichia coli,DW,NIT,16,0,3,2,0.14
EC_DWR2C9,Escherichia coli,DW,ENR,0.12,0,3,2,0.14
EC_DWR2C9,Escherichia coli,DW,GEN,1,0,3,2,0.14
EC_DWR2C9,Escherichia coli,DW,TET,16,2,3,2,0.14
EC_DWR2C9,Escherichia coli,DW,IME,0.25,0,3,2,0.14
EC_DWR2C9,Escherichia coli,DW,AMI,2,0,3,2,0.14
EC_DWR2C10,Escherichia coli,DW,AMO,4,0,4,2,0.18
EC_DWR2C10,Escherichia coli,DW,TR/SL,320,2,4,2,0.18
EC_DWR2C10,Escherichia coli,DW,CFX,8,0,4,2,0.18
EC_DWR2C10,Escherichia coli,DW,CHL,4,0,4,2,0.18
EC_DWR2C10,Escherichia coli,DW,AMP,32,2,4,2,0.18
EC_DWR2C10,Escherichia coli,DW,DOX,16,2,4,2,0.18
EC_DWR2C10,Escherichia coli,DW,NIT,16,0,4,2,0.18
EC_DWR2C10,Escherichia coli,DW,ENR,0.12,0,4,2,0.18
EC_DWR2C10,Escherichia coli,DW,GEN,1,0,4,2,0.18
EC_DWR2C10,Escherichia coli,DW,TET,16,2,4,2,0.18
EC_DWR2C10,Escherichia coli,DW,IME,0.25,0,4,2,0.18
EC_DWR2C10,Escherichia coli,DW,AMI,2,0,4,2,0.18
EC_DWR3C1,Klebsiella pneumoniae ssp pneumoniae,DW,AMO,2,0,8,1,0.38
EC_DWR3C1,Klebsiella pneumoniae ssp pneumoniae,DW,TR/SL,320,2,8,1,0.38
EC_DWR3C1,Klebsiella pneumoniae ssp pneumoniae,DW,CFX,64,2,8,1,0.38
EC_DWR3C1,Klebsiella pneumoniae ssp pneumoniae,DW,CHL,2,0,8,1,0.38
EC_DWR3C1,Klebsiella pneumoniae ssp pneumoniae,DW,AMP,32,2,8,1,0.38
EC_DWR3C1,Klebsiella pneumoniae ssp pneumoniae,DW,DOX,1,0,8,1,0.38
EC_DWR3C1,Klebsiella pneumoniae ssp pneumoniae,DW,NIT,64,1,8,1,0.38
EC_DWR3C1,Klebsiella pneumoniae ssp pneumoniae,DW,ENR,1,1,8,1,0.38
EC_DWR3C1,Klebsiella pneumoniae ssp pneumoniae,DW,GEN,1,0,8,1,0.38
EC_DWR3C1,Klebsiella pneumoniae ssp pneumoniae,DW,TET,1,0,8,1,0.38
EC_DWR3C1,Klebsiella pneumoniae ssp pneumoniae,DW,IME,0.25,0,8,1,0.38
EC_DWR3C1,Klebsiella pneumoniae ssp pneumoniae,DW,AMI,2,0,8,1,0.38
EC_DWR3C2,Escherichia coli,DW,AMO,2,0,0,2,0
EC_DWR3C2,Escherichia coli,DW,TR/SL,20,0,0,2,0
EC_DWR3C2,Escherichia coli,DW,CFX,16,0,0,2,0
EC_DWR3C2,Escherichia coli,DW,CHL,8,0,0,2,0
EC_DWR3C2,Escherichia coli,DW,AMP,8,0,0,2,0
EC_DWR3C2,Escherichia coli,DW,DOX,1,0,0,2,0
EC_DWR3C2,Escherichia coli,DW,NIT,16,0,0,2,0
EC_DWR3C2,Escherichia coli,DW,ENR,0.12,0,0,2,0
EC_DWR3C2,Escherichia coli,DW,GEN,1,0,0,2,0
EC_DWR3C2,Escherichia coli,DW,TET,1,0,0,2,0
EC_DWR3C2,Escherichia coli,DW,IME,0.25,0,0,2,0
EC_DWR3C2,Escherichia coli,DW,AMI,2,0,0,2,0
EC_DWR3C4,Escherichia coli,DW,AMO,2,0,0,2,0
EC_DWR3C4,Escherichia coli,DW,TR/SL,20,0,0,2,0
EC_DWR3C4,Escherichia coli,DW,CFX,4,0,0,2,0
EC_DWR3C4,Escherichia coli,DW,CHL,4,0,0,2,0
EC_DWR3C4,Escherichia coli,DW,AMP,2,0,0,2,0
EC_DWR3C4,Escherichia coli,DW,DOX,1,0,0,2,0
EC_DWR3C4,Escherichia coli,DW,NIT,16,0,0,2,0
EC_DWR3C4,Escherichia coli,DW,ENR,0.12,0,0,2,0
EC_DWR3C4,Escherichia coli,DW,GEN,1,0,0,2,0
EC_DWR3C4,Escherichia coli,DW,TET,1,0,0,2,0
EC_DWR3C4,Escherichia coli,DW,IME,0.25,0,0,2,0
EC_DWR3C4,Escherichia coli,DW,AMI,2,0,0,2,0
EC_DWR3C6,Klebsiella pneumoniae ssp pneumoniae,DW,AMO,2,0,1,2,0.05
EC_DWR3C6,Klebsiella pneumoniae ssp pneumoniae,DW,TR/SL,20,0,1,2,0.05
EC_DWR3C6,Klebsiella pneumoniae ssp pneumoniae,DW,CFX,4,0,1,2,0.05
EC_DWR3C6,Klebsiella pneumoniae ssp pneumoniae,DW,CHL,2,0,1,2,0.05
EC_DWR3C6,Klebsiella pneumoniae ssp pneumoniae,DW,AMP,32,2,1,2,0.05
EC_DWR3C6,Klebsiella pneumoniae ssp pneumoniae,DW,DOX,1,0,1,2,0.05
EC_DWR3C6,Klebsiella pneumoniae ssp pneumoniae,DW,NIT,32,0,1,2,0.05
EC_DWR3C6,Klebsiella pneumoniae ssp pneumoniae,DW,ENR,0.12,0,1,2,0.05
EC_DWR3C6,Klebsiella pneumoniae ssp pneumoniae,DW,GEN,1,0,1,2,0.05
EC_DWR3C6,Klebsiella pneumoniae ssp pneumoniae,DW,TET,1,0,1,2,0.05
EC_DWR3C6,Klebsiella pneumoniae ssp pneumoniae,DW,IME,0.25,0,1,2,0.05
EC_DWR3C6,Klebsiella pneumoniae ssp pneumoniae,DW,AMI,2,0,1,2,0.05
EC_DWR3C8,Klebsiella pneumoniae ssp pneumoniae,DW,AMO,2,0,1,2,0.05
EC_DWR3C8,Klebsiella pneumoniae ssp pneumoniae,DW,TR/SL,20,0,1,2,0.05
EC_DWR3C8,Klebsiella pneumoniae ssp pneumoniae,DW,CFX,4,0,1,2,0.05
EC_DWR3C8,Klebsiella pneumoniae ssp pneumoniae,DW,CHL,2,0,1,2,0.05
EC_DWR3C8,Klebsiella pneumoniae ssp pneumoniae,DW,AMP,32,2,1,2,0.05
EC_DWR3C8,Klebsiella pneumoniae ssp pneumoniae,DW,DOX,1,0,1,2,0.05
EC_DWR3C8,Klebsiella pneumoniae ssp pneumoniae,DW,NIT,32,0,1,2,0.05
EC_DWR3C8,Klebsiella pneumoniae ssp pneumoniae,DW,ENR,0.12,0,1,2,0.05
EC_DWR3C8,Klebsiella pneumoniae ssp pneumoniae,DW,GEN,1,0,1,2,0.05
EC_DWR3C8,Klebsiella pneumoniae ssp pneumoniae,DW,TET,1,0,1,2,0.05
EC_DWR3C8,Klebsiella pneumoniae ssp pneumoniae,DW,IME,0.25,0,1,2,0.05
EC_DWR3C8,Klebsiella pneumoniae ssp pneumoniae,DW,AMI,2,0,1,2,0.05
EC_DWR3C9,Klebsiella pneumoniae ssp pneumoniae,DW,AMO,2,0,1,2,0.05
EC_DWR3C9,Klebsiella pneumoniae ssp pneumoniae,DW,TR/SL,20,0,1,2,0.05
EC_DWR3C9,Klebsiella pneumoniae ssp pneumoniae,DW,CFX,4,0,1,2,0.05
EC_DWR3C9,Klebsiella pneumoniae ssp pneumoniae,DW,CHL,2,0,1,2,0.05
EC_DWR3C9,Klebsiella pneumoniae ssp pneumoniae,DW,AMP,32,2,1,2,0.05
EC_DWR3C9,Klebsiella pneumoniae ssp pneumoniae,DW,DOX,1,0,1,2,0.05
EC_DWR3C9,Klebsiella pneumoniae ssp pneumoniae,DW,NIT,32,0,1,2,0.05
EC_DWR3C9,Klebsiella pneumoniae ssp pneumoniae,DW,ENR,0.12,0,1,2,0.05
EC_DWR3C9,Klebsiella pneumoniae ssp pneumoniae,DW,GEN,1,0,1,2,0.05
EC_DWR3C9,Klebsiella pneumoniae ssp pneumoniae,DW,TET,1,0,1,2,0.05
EC_DWR3C9,Klebsiella pneumoniae ssp pneumoniae,DW,IME,0.25,0,1,2,0.05
EC_DWR3C9,Klebsiella pneumoniae ssp pneumoniae,DW,AMI,2,0,1,2,0.05
VC_DWR1C1,Enterobacter cloacae complex,DW,AMO,4,2,4,0,0.21
VC_DWR1C1,Enterobacter cloacae complex,DW,TR/SL,20,0,4,0,0.21
VC_DWR1C1,Enterobacter cloacae complex,DW,CFX,64,2,4,0,0.21
VC_DWR1C1,Enterobacter cloacae complex,DW,CHL,16,1,4,0,0.21
VC_DWR1C1,Enterobacter cloacae complex,DW,DOX,2,0,4,0,0.21
VC_DWR1C1,Enterobacter cloacae complex,DW,NIT,128,2,4,0,0.21
VC_DWR1C1,Enterobacter cloacae complex,DW,ENR,0.12,0,4,0,0.21
VC_DWR1C1,Enterobacter cloacae complex,DW,GEN,1,0,4,0,0.21
VC_DWR1C1,Enterobacter cloacae complex,DW,TET,2,0,4,0,0.21
VC_DWR1C1,Enterobacter cloacae complex,DW,IME,0.25,0,4,0,0.21
VC_DWR1C1,Enterobacter cloacae complex,DW,AMI,2,0,4,0,0.21
VC_DWR1C2,Enterobacter cloacae complex,DW,AMO,32,2,3,0,0.16
VC_DWR1C2,Enterobacter cloacae complex,DW,TR/SL,20,0,3,0,0.16
VC_DWR1C2,Enterobacter cloacae complex,DW,CFX,64,2,3,0,0.16
VC_DWR1C2,Enterobacter cloacae complex,DW,CHL,16,1,3,0,0.16
VC_DWR1C2,Enterobacter cloacae complex,DW,DOX,4,0,3,0,0.16
VC_DWR1C2,Enterobacter cloacae complex,DW,NIT,64,1,3,0,0.16
VC_DWR1C2,Enterobacter cloacae complex,DW,ENR,0.12,0,3,0,0.16
VC_DWR1C2,Enterobacter cloacae complex,DW,GEN,1,0,3,0,0.16
VC_DWR1C2,Enterobacter cloacae complex,DW,TET,2,0,3,0,0.16
VC_DWR1C2,Enterobacter cloacae complex,DW,IME,0.25,0,3,0,0.16
VC_DWR1C2,Enterobacter cloacae complex,DW,AMI,2,0,3,0,0.16
VC_DWR1C3,Enterobacter cloacae complex,DW,AMO,4,2,4,0,0.21
VC_DWR1C3,Enterobacter cloacae complex,DW,TR/SL,20,0,4,0,0.21
VC_DWR1C3,Enterobacter cloacae complex,DW,CFX,64,2,4,0,0.21
VC_DWR1C3,Enterobacter cloacae complex,DW,CHL,16,1,4,0,0.21
VC_DWR1C3,Enterobacter cloacae complex,DW,DOX,2,0,4,0,0.21
VC_DWR1C3,Enterobacter cloacae complex,DW,NIT,128,2,4,0,0.21
VC_DWR1C3,Enterobacter cloacae complex,DW,ENR,0.12,0,4,0,0.21
VC_DWR1C3,Enterobacter cloacae complex,DW,GEN,1,0,4,0,0.21
VC_DWR1C3,Enterobacter cloacae complex,DW,TET,2,0,4,0,0.21
VC_DWR1C3,Enterobacter cloacae complex,DW,IME,0.25,0,4,0,0.21
VC_DWR1C3,Enterobacter cloacae complex,DW,AMI,2,0,4,0,0.21
VC_DWR1C5,Enterobacter cloacae complex,DW,AMO,4,2,4,0,0.21
VC_DWR1C5,Enterobacter cloacae complex,DW,TR/SL,20,0,4,0,0.21
VC_DWR1C5,Enterobacter cloacae complex,DW,CFX,64,2,4,0,0.21
VC_DWR1C5,Enterobacter cloacae complex,DW,CHL,16,1,4,0,0.21
VC_DWR1C5,Enterobacter cloacae complex,DW,DOX,2,0,4,0,0.21
VC_DWR1C5,Enterobacter cloacae complex,DW,NIT,128,2,4,0,0.21
VC_DWR1C5,Enterobacter cloacae complex,DW,ENR,0.12,0,4,0,0.21
VC_DWR1C5,Enterobacter cloacae complex,DW,GEN,1,0,4,0,0.21
VC_DWR1C5,Enterobacter cloacae complex,DW,TET,2,0,4,0,0.21
VC_DWR1C5,Enterobacter cloacae complex,DW,IME,0.25,0,4,0,0.21
VC_DWR1C5,Enterobacter cloacae complex,DW,AMI,2,0,4,0,0.21
VC_DWR1C6,Klebsiella pneumoniae ssp pneumoniae,DW,AMO,2,0,1,2,0.05
VC_DWR1C6,Klebsiella pneumoniae ssp pneumoniae,DW,TR/SL,20,0,1,2,0.05
VC_DWR1C6,Klebsiella pneumoniae ssp pneumoniae,DW,CFX,4,0,1,2,0.05
VC_DWR1C6,Klebsiella pneumoniae ssp pneumoniae,DW,CHL,2,0,1,2,0.05
VC_DWR1C6,Klebsiella pneumoniae ssp pneumoniae,DW,AMP,32,2,1,2,0.05
VC_DWR1C6,Klebsiella pneumoniae ssp pneumoniae,DW,DOX,1,0,1,2,0.05
VC_DWR1C6,Klebsiella pneumoniae ssp pneumoniae,DW,NIT,64,1,1,2,0.05
VC_DWR1C6,Klebsiella pneumoniae ssp pneumoniae,DW,ENR,0.12,0,1,2,0.05
VC_DWR1C6,Klebsiella pneumoniae ssp pneumoniae,DW,GEN,1,0,1,2,0.05
VC_DWR1C6,Klebsiella pneumoniae ssp pneumoniae,DW,TET,1,0,1,2,0.05
VC_DWR1C6,Klebsiella pneumoniae ssp pneumoniae,DW,IME,0.25,0,1,2,0.05
VC_DWR1C6,Klebsiella pneumoniae ssp pneumoniae,DW,AMI,2,0,1,2,0.05
VC_DWR2C1,Enterobacter cloacae complex,DW,AMO,4,2,3,0,0.15
VC_DWR2C1,Enterobacter cloacae complex,DW,TR/SL,20,0,3,0,0.15
VC_DWR2C1,Enterobacter cloacae complex,DW,CFX,16,2,3,0,0.15
VC_DWR2C1,Enterobacter cloacae complex,DW,CHL,8,0,3,0,0.15
VC_DWR2C1,Enterobacter cloacae complex,DW,DOX,2,0,3,0,0.15
VC_DWR2C1,Enterobacter cloacae complex,DW,NIT,64,1,3,0,0.15
VC_DWR2C1,Enterobacter cloacae complex,DW,ENR,0.12,0,3,0,0.15
VC_DWR2C1,Enterobacter cloacae complex,DW,GEN,1,0,3,0,0.15
VC_DWR2C1,Enterobacter cloacae complex,DW,TET,2,0,3,0,0.15
VC_DWR2C1,Enterobacter cloacae complex,DW,IME,0.25,0,3,0,0.15
VC_DWR2C1,Enterobacter cloacae complex,DW,AMI,2,0,3,0,0.15
VC_DWR2C2,Enterobacter cloacae complex,DW,AMO,4,2,5,0,0.26
VC_DWR2C2,Enterobacter cloacae complex,DW,TR/SL,20,0,5,0,0.26
VC_DWR2C2,Enterobacter cloacae complex,DW,CFX,64,2,5,0,0.26
VC_DWR2C2,Enterobacter cloacae complex,DW,CHL,16,1,5,0,0.26
VC_DWR2C2,Enterobacter cloacae complex,DW,DOX,2,0,5,0,0.26
VC_DWR2C2,Enterobacter cloacae complex,DW,NIT,128,2,5,0,0.26
VC_DWR2C2,Enterobacter cloacae complex,DW,ENR,0.12,0,5,0,0.26
VC_DWR2C2,Enterobacter cloacae complex,DW,GEN,1,0,5,0,0.26
VC_DWR2C2,Enterobacter cloacae complex,DW,TET,2,0,5,0,0.26
VC_DWR2C2,Enterobacter cloacae complex,DW,IME,0.25,0,5,0,0.26
VC_DWR2C2,Enterobacter cloacae complex,DW,AMI,2,0,5,0,0.26
VC_DWR3C2,Enterobacter cloacae complex,DW,AMO,2,2,3,0,0.15
VC_DWR3C2,Enterobacter cloacae complex,DW,TR/SL,20,0,3,0,0.15
VC_DWR3C2,Enterobacter cloacae complex,DW,CFX,16,2,3,0,0.15
VC_DWR3C2,Enterobacter cloacae complex,DW,CHL,16,1,3,0,0.15
VC_DWR3C2,Enterobacter cloacae complex,DW,DOX,2,0,3,0,0.15
VC_DWR3C2,Enterobacter cloacae complex,DW,NIT,64,1,3,0,0.15
VC_DWR3C2,Enterobacter cloacae complex,DW,ENR,0.12,0,3,0,0.15
VC_DWR3C2,Enterobacter cloacae complex,DW,GEN,1,0,3,0,0.15
VC_DWR3C2,Enterobacter cloacae complex,DW,TET,2,0,3,0,0.15
VC_DWR3C2,Enterobacter cloacae complex,DW,IME,0.25,0,3,0,0.15
VC_DWR3C2,Enterobacter cloacae complex,DW,AMI,2,0,3,0,0.15
VC_DWR3C3,Enterobacter cloacae complex,DW,AMO,32,2,6,0,0.32
VC_DWR3C3,Enterobacter cloacae complex,DW,TR/SL,20,0,6,0,0.32
VC_DWR3C3,Enterobacter cloacae complex,DW,CFX,64,2,6,0,0.32
VC_DWR3C3,Enterobacter cloacae complex,DW,CHL,16,1,6,0,0.32
VC_DWR3C3,Enterobacter cloacae complex,DW,DOX,16,2,6,0,0.32
VC_DWR3C3,Enterobacter cloacae complex,DW,NIT,128,2,6,0,0.32
VC_DWR3C3,Enterobacter cloacae complex,DW,ENR,0.12,0,6,0,0.32
VC_DWR3C3,Enterobacter cloacae complex,DW,GEN,1,0,6,0,0.32
VC_DWR3C3,Enterobacter cloacae complex,DW,TET,16,2,6,0,0.32
VC_DWR3C3,Enterobacter cloacae complex,DW,IME,0.25,0,6,0,0.32
VC_DWR3C3,Enterobacter cloacae complex,DW,AMI,2,0,6,0,0.32
EC_LWR1C6,Klebsiella pneumoniae ssp pneumoniae,LW,AMO,2,0,2,2,0.09
EC_LWR1C6,Klebsiella pneumoniae ssp pneumoniae,LW,TR/SL,20,0,2,2,0.09
EC_LWR1C6,Klebsiella pneumoniae ssp pneumoniae,LW,CFX,4,0,2,2,0.09
EC_LWR1C6,Klebsiella pneumoniae ssp pneumoniae,LW,CHL,2,0,2,2,0.09
EC_LWR1C6,Klebsiella pneumoniae ssp pneumoniae,LW,AMP,32,2,2,2,0.09
EC_LWR1C6,Klebsiella pneumoniae ssp pneumoniae,LW,DOX,1,1,2,2,0.09
EC_LWR1C6,Klebsiella pneumoniae ssp pneumoniae,LW,NIT,32,0,2,2,0.09
EC_LWR1C6,Klebsiella pneumoniae ssp pneumoniae,LW,ENR,0.12,0,2,2,0.09
EC_LWR1C6,Klebsiella pneumoniae ssp pneumoniae,LW,GEN,1,0,2,2,0.09
EC_LWR1C6,Klebsiella pneumoniae ssp pneumoniae,LW,TET,16,2,2,2,0.09
EC_LWR1C6,Klebsiella pneumoniae ssp pneumoniae,LW,IME,0.25,0,2,2,0.09
EC_LWR1C6,Klebsiella pneumoniae ssp pneumoniae,LW,AMI,2,0,2,2,0.09
EC_LWR2C1,Enterobacter cloacae complex,LW,AMO,32,2,3,0,0.15
EC_LWR2C1,Enterobacter cloacae complex,LW,TR/SL,20,0,3,0,0.15
EC_LWR2C1,Enterobacter cloacae complex,LW,CFX,64,2,3,0,0.15
EC_LWR2C1,Enterobacter cloacae complex,LW,CHL,4,0,3,0,0.15
EC_LWR2C1,Enterobacter cloacae complex,LW,DOX,1,0,3,0,0.15
EC_LWR2C1,Enterobacter cloacae complex,LW,NIT,64,1,3,0,0.15
EC_LWR2C1,Enterobacter cloacae complex,LW,ENR,0.12,0,3,0,0.15
EC_LWR2C1,Enterobacter cloacae complex,LW,GEN,1,0,3,0,0.15
EC_LWR2C1,Enterobacter cloacae complex,LW,TET,1,0,3,0,0.15
EC_LWR2C1,Enterobacter cloacae complex,LW,IME,0.25,0,3,0,0.15
EC_LWR2C1,Enterobacter cloacae complex,LW,AMI,2,0,3,0,0.15
EC_LWR2C3,Escherichia coli,LW,AMO,2,0,0,2,0
EC_LWR2C3,Escherichia coli,LW,TR/SL,20,0,0,2,0
EC_LWR2C3,Escherichia coli,LW,CFX,8,0,0,2,0
EC_LWR2C3,Escherichia coli,LW,CHL,8,0,0,2,0
EC_LWR2C3,Escherichia coli,LW,AMP,4,0,0,2,0
EC_LWR2C3,Escherichia coli,LW,DOX,2,0,0,2,0
EC_LWR2C3,Escherichia coli,LW,NIT,16,0,0,2,0
EC_LWR2C3,Escherichia coli,LW,ENR,0.12,0,0,2,0
EC_LWR2C3,Escherichia coli,LW,GEN,1,0,0,2,0
EC_LWR2C3,Escherichia coli,LW,TET,1,0,0,2,0
EC_LWR2C3,Escherichia coli,LW,IME,0.25,0,0,2,0
EC_LWR2C3,Escherichia coli,LW,AMI,2,0,0,2,0
EC_LWR2C4,Escherichia coli,LW,AMO,2,0,0,2,0
EC_LWR2C4,Escherichia coli,LW,TR/SL,20,0,0,2,0
EC_LWR2C4,Escherichia coli,LW,CFX,8,0,0,2,0
EC_LWR2C4,Escherichia coli,LW,CHL,8,0,0,2,0
EC_LWR2C4,Escherichia coli,LW,AMP,2,0,0,2,0
EC_LWR2C4,Escherichia coli,LW,DOX,2,0,0,2,0
EC_LWR2C4,Escherichia coli,LW,NIT,16,0,0,2,0
EC_LWR2C4,Escherichia coli,LW,ENR,0.12,0,0,2,0
EC_LWR2C4,Escherichia coli,LW,GEN,1,0,0,2,0
EC_LWR2C4,Escherichia coli,LW,TET,1,0,0,2,0
EC_LWR2C4,Escherichia coli,LW,IME,0.25,0,0,2,0
EC_LWR2C4,Escherichia coli,LW,AMI,2,0,0,2,0
EC_LWR2C5,Klebsiella pneumoniae ssp pneumoniae,LW,AMO,32,2,10,2,0.5
EC_LWR2C5,Klebsiella pneumoniae ssp pneumoniae,LW,TR/SL,320,2,10,2,0.5
EC_LWR2C5,Klebsiella pneumoniae ssp pneumoniae,LW,CFX,64,2,10,2,0.5
EC_LWR2C5,Klebsiella pneumoniae ssp pneumoniae,LW,CHL,2,0,10,2,0.5
EC_LWR2C5,Klebsiella pneumoniae ssp pneumoniae,LW,AMP,32,2,10,2,0.5
EC_LWR2C5,Klebsiella pneumoniae ssp pneumoniae,LW,DOX,16,2,10,2,0.5
EC_LWR2C5,Klebsiella pneumoniae ssp pneumoniae,LW,NIT,64,1,10,2,0.5
EC_LWR2C5,Klebsiella pneumoniae ssp pneumoniae,LW,ENR,1,1,10,2,0.5
EC_LWR2C5,Klebsiella pneumoniae ssp pneumoniae,LW,GEN,1,0,10,2,0.5
EC_LWR2C5,Klebsiella pneumoniae ssp pneumoniae,LW,TET,16,2,10,2,0.5
EC_LWR2C5,Klebsiella pneumoniae ssp pneumoniae,LW,IME,0.25,0,10,2,0.5
EC_LWR2C5,Klebsiella pneumoniae ssp pneumoniae,LW,AMI,2,0,10,2,0.5
EC_LWR2C6,Klebsiella pneumoniae ssp pneumoniae,LW,AMO,32,2,10,2,0.5
EC_LWR2C6,Klebsiella pneumoniae ssp pneumoniae,LW,TR/SL,320,2,10,2,0.5
EC_LWR2C6,Klebsiella pneumoniae ssp pneumoniae,LW,CFX,64,2,10,2,0.5
EC_LWR2C6,Klebsiella pneumoniae ssp pneumoniae,LW,CHL,4,0,10,2,0.5
EC_LWR2C6,Klebsiella pneumoniae ssp pneumoniae,LW,AMP,32,2,10,2,0.5
EC_LWR2C6,Klebsiella pneumoniae ssp pneumoniae,LW,DOX,16,2,10,2,0.5
EC_LWR2C6,Klebsiella pneumoniae ssp pneumoniae,LW,NIT,64,1,10,2,0.5
EC_LWR2C6,Klebsiella pneumoniae ssp pneumoniae,LW,ENR,1,1,10,2,0.5
EC_LWR2C6,Klebsiella pneumoniae ssp pneumoniae,LW,GEN,1,0,10,2,0.5
EC_LWR2C6,Klebsiella pneumoniae ssp pneumoniae,LW,TET,16,2,10,2,0.5
EC_LWR2C6,Klebsiella pneumoniae ssp pneumoniae,LW,IME,0.25,0,10,2,0.5
EC_LWR2C6,Klebsiella pneumoniae ssp pneumoniae,LW,AMI,2,0,10,2,0.5
EC_LWR3C4,Escherichia coli,LW,AMO,2,0,2,2,0.09
EC_LWR3C4,Escherichia coli,LW,TR/SL,20,0,2,2,0.09
EC_LWR3C4,Escherichia coli,LW,CFX,8,0,2,2,0.09
EC_LWR3C4,Escherichia coli,LW,CHL,2,0,2,2,0.09
EC_LWR3C4,Escherichia coli,LW,AMP,2,0,2,2,0.09
EC_LWR3C4,Escherichia coli,LW,DOX,16,2,2,2,0.09
EC_LWR3C4,Escherichia coli,LW,NIT,16,0,2,2,0.09
EC_LWR3C4,Escherichia coli,LW,ENR,0.12,0,2,2,0.09
EC_LWR3C4,Escherichia coli,LW,GEN,1,0,2,2,0.09
EC_LWR3C4,Escherichia coli,LW,TET,16,2,2,2,0.09
EC_LWR3C4,Escherichia coli,LW,IME,0.25,0,2,2,0.09
EC_LWR3C4,Escherichia coli,LW,AMI,2,0,2,2,0.09
EC_LWR3C8,Enterobacter cloacae complex,LW,AMO,32,2,3,0,0.14
EC_LWR3C8,Enterobacter cloacae complex,LW,TR/SL,20,0,3,0,0.14
EC_LWR3C8,Enterobacter cloacae complex,LW,CFX,64,2,3,0,0.14
EC_LWR3C8,Enterobacter cloacae complex,LW,CHL,4,0,3,0,0.14
EC_LWR3C8,Enterobacter cloacae complex,LW,DOX,2,0,3,0,0.14
EC_LWR3C8,Enterobacter cloacae complex,LW,NIT,64,1,3,0,0.14
EC_LWR3C8,Enterobacter cloacae complex,LW,ENR,0.12,0,3,0,0.14
EC_LWR3C8,Enterobacter cloacae complex,LW,GEN,1,0,3,0,0.14
EC_LWR3C8,Enterobacter cloacae complex,LW,TET,1,0,3,0,0.14
EC_LWR3C8,Enterobacter cloacae complex,LW,IME,0.25,0,3,0,0.14
EC_LWR3C8,Enterobacter cloacae complex,LW,AMI,2,0,3,0,0.14
VC_LWR1C11,Vibrio cholerae,LW,AMO,2,0,1,0,0.06
VC_LWR1C11,Vibrio cholerae,LW,TR/SL,20,0,1,0,0.06
VC_LWR1C11,Vibrio cholerae,LW,CHL,2,0,1,0,0.06
VC_LWR1C11,Vibrio cholerae,LW,AMP,32,2,1,0,0.06
VC_LWR1C11,Vibrio cholerae,LW,DOX,0.5,0,1,0,0.06
VC_LWR1C11,Vibrio cholerae,LW,ENR,0.12,0,1,0,0.06
VC_LWR1C11,Vibrio cholerae,LW,GEN,1,0,1,0,0.06
VC_LWR1C11,Vibrio cholerae,LW,TET,1,0,1,0,0.06
VC_LWR1C11,Vibrio cholerae,LW,IME,0.25,0,1,0,0.06
VC_LWR1C11,Vibrio cholerae,LW,AMI,2,0,1,0,0.06
VC_LWR2C5,Escherichia coli,LW,AMO,2,0,2,1,0.11
VC_LWR2C5,Escherichia coli,LW,CFX,8,0,2,1,0.11
VC_LWR2C5,Escherichia coli,LW,CHL,2,0,2,1,0.11
VC_LWR2C5,Escherichia coli,LW,DOX,0.5,0,2,1,0.11
VC_LWR2C5,Escherichia coli,LW,NIT,16,0,2,1,0.11
VC_LWR2C5,Escherichia coli,LW,ENR,0.25,0,2,1,0.11
VC_LWR2C5,Escherichia coli,LW,GEN,1,0,2,1,0.11
VC_LWR2C5,Escherichia coli,LW,TET,1,0,2,1,0.11
VC_LWR2C5,Escherichia coli,LW,IME,0.25,0,2,1,0.11
VC_LWR2C5,Escherichia coli,LW,AMI,2,0,2,1,0.11
VC_LWR3C1,Enterobacter cloacae complex,LW,AMO,2,2,4,0,0.2
VC_LWR3C1,Enterobacter cloacae complex,LW,TR/SL,20,0,4,0,0.2
VC_LWR3C1,Enterobacter cloacae complex,LW,CFX,16,2,4,0,0.2
VC_LWR3C1,Enterobacter cloacae complex,LW,CHL,16,1,4,0,0.2
VC_LWR3C1,Enterobacter cloacae complex,LW,DOX,2,0,4,0,0.2
VC_LWR3C1,Enterobacter cloacae complex,LW,NIT,128,2,4,0,0.2
VC_LWR3C1,Enterobacter cloacae complex,LW,ENR,0.12,0,4,0,0.2
VC_LWR3C1,Enterobacter cloacae complex,LW,GEN,1,0,4,0,0.2
VC_LWR3C1,Enterobacter cloacae complex,LW,TET,2,0,4,0,0.2
VC_LWR3C1,Enterobacter cloacae complex,LW,IME,0.25,0,4,0,0.2
VC_LWR3C1,Enterobacter cloacae complex,LW,AMI,2,0,4,0,0.2
VC_LWR3C2,Enterobacter cloacae complex,LW,AMO,32,2,4,0,0.21
VC_LWR3C2,Enterobacter cloacae complex,LW,TR/SL,20,0,4,0,0.21
VC_LWR3C2,Enterobacter cloacae complex,LW,CFX,64,2,4,0,0.21
VC_LWR3C2,Enterobacter cloacae complex,LW,CHL,8,0,4,0,0.21
VC_LWR3C2,Enterobacter cloacae complex,LW,DOX,4,0,4,0,0.21
VC_LWR3C2,Enterobacter cloacae complex,LW,NIT,128,2,4,0,0.21
VC_LWR3C2,Enterobacter cloacae complex,LW,ENR,0.12,0,4,0,0.21
VC_LWR3C2,Enterobacter cloacae complex,LW,GEN,1,0,4,0,0.21
VC_LWR3C2,Enterobacter cloacae complex,LW,TET,2,0,4,0,0.21
VC_LWR3C2,Enterobacter cloacae complex,LW,IME,0.25,0,4,0,0.21
VC_LWR3C2,Enterobacter cloacae complex,LW,AMI,2,0,4,0,0.21
VC_LWR3C3,Vibrio vulnificus,LW,AMO,32,2,6,0,0.32
VC_LWR3C3,Vibrio vulnificus,LW,TR/SL,20,0,6,0,0.32
VC_LWR3C3,Vibrio vulnificus,LW,CFX,64,2,6,0,0.32
VC_LWR3C3,Vibrio vulnificus,LW,CHL,16,1,6,0,0.32
VC_LWR3C3,Vibrio vulnificus,LW,DOX,16,2,6,0,0.32
VC_LWR3C3,Vibrio vulnificus,LW,NIT,128,2,6,0,0.32
VC_LWR3C3,Vibrio vulnificus,LW,ENR,0.12,0,6,0,0.32
VC_LWR3C3,Vibrio vulnificus,LW,GEN,1,0,6,0,0.32
VC_LWR3C3,Vibrio vulnificus,LW,TET,16,2,6,0,0.32
VC_LWR3C3,Vibrio vulnificus,LW,IME,0.25,0,6,0,0.32
VC_LWR3C3,Vibrio vulnificus,LW,AMI,2,0,6,0,0.32
EC_FTR1C1,Escherichia coli,FT,AMO,2,0,0,2,0
EC_FTR1C1,Escherichia coli,FT,TR/SL,20,0,0,2,0
EC_FTR1C1,Escherichia coli,FT,CFX,4,0,0,2,0
EC_FTR1C1,Escherichia coli,FT,CHL,2,0,0,2,0
EC_FTR1C1,Escherichia coli,FT,AMP,16,1,0,2,0
EC_FTR1C1,Escherichia coli,FT,DOX,1,0,0,2,0
EC_FTR1C1,Escherichia coli,FT,NIT,64,1,0,2,0
EC_FTR1C1,Escherichia coli,FT,ENR,0.12,0,0,2,0
EC_FTR1C1,Escherichia coli,FT,GEN,1,0,0,2,0
EC_FTR1C1,Escherichia coli,FT,TET,1,0,0,2,0
EC_FTR1C1,Escherichia coli,FT,IME,0.25,0,0,2,0
EC_FTR1C1,Escherichia coli,FT,AMI,2,0,0,2,0
EC_FTR1C2,Enterobacter cloacae complex,FT,AMO,32,2,3,0,0.15
EC_FTR1C2,Enterobacter cloacae complex,FT,TR/SL,20,0,3,0,0.15
EC_FTR1C2,Enterobacter cloacae complex,FT,CFX,64,2,3,0,0.15
EC_FTR1C2,Enterobacter cloacae complex,FT,CHL,4,0,3,0,0.15
EC_FTR1C2,Enterobacter cloacae complex,FT,DOX,1,0,3,0,0.15
EC_FTR1C2,Enterobacter cloacae complex,FT,NIT,16,0,3,0,0.15
EC_FTR1C2,Enterobacter cloacae complex,FT,ENR,0.12,0,3,0,0.15
EC_FTR1C2,Enterobacter cloacae complex,FT,GEN,1,0,3,0,0.15
EC_FTR1C2,Enterobacter cloacae complex,FT,TET,1,0,3,0,0.15
EC_FTR1C2,Enterobacter cloacae complex,FT,IME,0.25,0,3,0,0.15
EC_FTR1C2,Enterobacter cloacae complex,FT,AMI,2,0,3,0,0.15
EC_FTR1C9,Escherichia coli,FT,AMO,4,0,2,2,0.09
EC_FTR1C9,Escherichia coli,FT,TR/SL,20,0,2,2,0.09
EC_FTR1C9,Escherichia coli,FT,CFX,8,0,2,2,0.09
EC_FTR1C9,Escherichia coli,FT,CHL,4,0,2,2,0.09
EC_FTR1C9,Escherichia coli,FT,AMP,32,2,2,2,0.09
EC_FTR1C9,Escherichia coli,FT,DOX,8,1,2,2,0.09
EC_FTR1C9,Escherichia coli,FT,NIT,16,0,2,2,0.09
EC_FTR1C9,Escherichia coli,FT,ENR,1,1,2,2,0.09
EC_FTR1C9,Escherichia coli,FT,GEN,1,0,2,2,0.09
EC_FTR1C9,Escherichia coli,FT,TET,16,2,2,2,0.09
EC_FTR1C9,Escherichia coli,FT,IME,0.25,0,2,2,0.09
EC_FTR1C9,Escherichia coli,FT,AMI,2,0,2,2,0.09
EC_FTR1C11,Klebsiella pneumoniae ssp pneumoniae,FT,AMO,8,0,4,2,0.19
EC_FTR1C11,Klebsiella pneumoniae ssp pneumoniae,FT,TR/SL,320,2,4,2,0.19
EC_FTR1C11,Klebsiella pneumoniae ssp pneumoniae,FT,CFX,4,0,4,2,0.19
EC_FTR1C11,Klebsiella pneumoniae ssp pneumoniae,FT,CHL,2,0,4,2,0.19
EC_FTR1C11,Klebsiella pneumoniae ssp pneumoniae,FT,AMP,32,2,4,2,0.19
EC_FTR1C11,Klebsiella pneumoniae ssp pneumoniae,FT,DOX,16,2,4,2,0.19
EC_FTR1C11,Klebsiella pneumoniae ssp pneumoniae,FT,NIT,16,0,4,2,0.19
EC_FTR1C11,Klebsiella pneumoniae ssp pneumoniae,FT,ENR,0.12,0,4,2,0.19
EC_FTR1C11,Klebsiella pneumoniae ssp pneumoniae,FT,GEN,1,0,4,2,0.19
EC_FTR1C11,Klebsiella pneumoniae ssp pneumoniae,FT,TET,16,2,4,2,0.19
EC_FTR1C11,Klebsiella pneumoniae ssp pneumoniae,FT,IME,0.25,0,4,2,0.19
EC_FTR1C11,Klebsiella pneumoniae ssp pneumoniae,FT,AMI,2,0,4,2,0.19
EC_FTR1C12,Escherichia coli,FT,AMO,2,0,0,2,0
EC_FTR1C12,Escherichia coli,FT,TR/SL,20,0,0,2,0
EC_FTR1C12,Escherichia coli,FT,CFX,4,0,0,2,0
EC_FTR1C12,Escherichia coli,FT,CHL,4,0,0,2,0
EC_FTR1C12,Escherichia coli,FT,AMP,2,0,0,2,0
EC_FTR1C12,Escherichia coli,FT,DOX,1,0,0,2,0
EC_FTR1C12,Escherichia coli,FT,NIT,16,0,0,2,0
EC_FTR1C12,Escherichia coli,FT,ENR,0.12,0,0,2,0
EC_FTR1C12,Escherichia coli,FT,GEN,1,0,0,2,0
EC_FTR1C12,Escherichia coli,FT,TET,1,0,0,2,0
EC_FTR1C12,Escherichia coli,FT,IME,0.25,0,0,2,0
EC_FTR1C12,Escherichia coli,FT,AMI,2,0,0,2,0
EC_FTR1C13,Klebsiella pneumoniae ssp pneumoniae,FT,AMO,4,0,3,1,0.16
EC_FTR1C13,Klebsiella pneumoniae ssp pneumoniae,FT,TR/SL,20,0,3,1,0.16
EC_FTR1C13,Klebsiella pneumoniae ssp pneumoniae,FT,CFX,64,2,3,1,0.16
EC_FTR1C13,Klebsiella pneumoniae ssp pneumoniae,FT,CHL,4,0,3,1,0.16
EC_FTR1C13,Klebsiella pneumoniae ssp pneumoniae,FT,AMP,32,2,3,1,0.16
EC_FTR1C13,Klebsiella pneumoniae ssp pneumoniae,FT,DOX,1,0,3,1,0.16
EC_FTR1C13,Klebsiella pneumoniae ssp pneumoniae,FT,NIT,32,0,3,1,0.16
EC_FTR1C13,Klebsiella pneumoniae ssp pneumoniae,FT,ENR,0.12,0,3,1,0.16
EC_FTR1C13,Klebsiella pneumoniae ssp pneumoniae,FT,GEN,1,0,3,1,0.16
EC_FTR1C13,Klebsiella pneumoniae ssp pneumoniae,FT,TET,1,0,3,1,0.16
EC_FTR1C13,Klebsiella pneumoniae ssp pneumoniae,FT,IME,0.25,0,3,1,0.16
EC_FTR1C13,Klebsiella pneumoniae ssp pneumoniae,FT,AMI,2,0,3,1,0.16
EC_FTR1C15,Klebsiella pneumoniae ssp pneumoniae,FT,AMO,16,1,5,2,0.24
EC_FTR1C15,Klebsiella pneumoniae ssp pneumoniae,FT,TR/SL,40,0,5,2,0.24
EC_FTR1C15,Klebsiella pneumoniae ssp pneumoniae,FT,CFX,64,2,5,2,0.24
EC_FTR1C15,Klebsiella pneumoniae ssp pneumoniae,FT,CHL,4,0,5,2,0.24
EC_FTR1C15,Klebsiella pneumoniae ssp pneumoniae,FT,AMP,32,2,5,2,0.24
EC_FTR1C15,Klebsiella pneumoniae ssp pneumoniae,FT,DOX,16,2,5,2,0.24
EC_FTR1C15,Klebsiella pneumoniae ssp pneumoniae,FT,NIT,64,1,5,2,0.24
EC_FTR1C15,Klebsiella pneumoniae ssp pneumoniae,FT,ENR,0.5,0,5,2,0.24
EC_FTR1C15,Klebsiella pneumoniae ssp pneumoniae,FT,GEN,1,0,5,2,0.24
EC_FTR1C15,Klebsiella pneumoniae ssp pneumoniae,FT,TET,16,2,5,2,0.24
EC_FTR1C15,Klebsiella pneumoniae ssp pneumoniae,FT,IME,0.25,0,5,2,0.24
EC_FTR1C15,Klebsiella pneumoniae ssp pneumoniae,FT,AMI,2,0,5,2,0.24
EC_FTR1C16,Klebsiella pneumoniae ssp pneumoniae,FT,AMO,2,0,1,2,0.05
EC_FTR1C16,Klebsiella pneumoniae ssp pneumoniae,FT,TR/SL,20,0,1,2,0.05
EC_FTR1C16,Klebsiella pneumoniae ssp pneumoniae,FT,CFX,4,0,1,2,0.05
EC_FTR1C16,Klebsiella pneumoniae ssp pneumoniae,FT,CHL,2,0,1,2,0.05
EC_FTR1C16,Klebsiella pneumoniae ssp pneumoniae,FT,AMP,32,2,1,2,0.05
EC_FTR1C16,Klebsiella pneumoniae ssp pneumoniae,FT,DOX,1,0,1,2,0.05
EC_FTR1C16,Klebsiella pneumoniae ssp pneumoniae,FT,NIT,32,0,1,2,0.05
EC_FTR1C16,Klebsiella pneumoniae ssp pneumoniae,FT,ENR,0.12,0,1,2,0.05
EC_FTR1C16,Klebsiella pneumoniae ssp pneumoniae,FT,GEN,1,0,1,2,0.05
EC_FTR1C16,Klebsiella pneumoniae ssp pneumoniae,FT,TET,1,0,1,2,0.05
EC_FTR1C16,Klebsiella pneumoniae ssp pneumoniae,FT,IME,0.25,0,1,2,0.05
EC_FTR1C16,Klebsiella pneumoniae ssp pneumoniae,FT,AMI,2,0,1,2,0.05
EC_FTR2C1,Escherichia coli,FT,AMO,2,0,2,2,0.09
EC_FTR2C1,Escherichia coli,FT,TR/SL,20,0,2,2,0.09
EC_FTR2C1,Escherichia coli,FT,CFX,8,0,2,2,0.09
EC_FTR2C1,Escherichia coli,FT,CHL,8,0,2,2,0.09
EC_FTR2C1,Escherichia coli,FT,AMP,4,0,2,2,0.09
EC_FTR2C1,Escherichia coli,FT,DOX,16,2,2,2,0.09
EC_FTR2C1,Escherichia coli,FT,NIT,16,0,2,2,0.09
EC_FTR2C1,Escherichia coli,FT,ENR,0.12,0,2,2,0.09
EC_FTR2C1,Escherichia coli,FT,GEN,1,0,2,2,0.09
EC_FTR2C1,Escherichia coli,FT,TET,16,2,2,2,0.09
EC_FTR2C1,Escherichia coli,FT,IME,0.25,0,2,2,0.09
EC_FTR2C1,Escherichia coli,FT,AMI,2,0,2,2,0.09
EC_FTR2C2,Escherichia coli,FT,AMO,2,0,2,2,0.09
EC_FTR2C2,Escherichia coli,FT,TR/SL,20,0,2,2,0.09
EC_FTR2C2,Escherichia coli,FT,CFX,8,0,2,2,0.09
EC_FTR2C2,Escherichia coli,FT,CHL,8,0,2,2,0.09
EC_FTR2C2,Escherichia coli,FT,AMP,4,0,2,2,0.09
EC_FTR2C2,Escherichia coli,FT,DOX,16,2,2,2,0.09
EC_FTR2C2,Escherichia coli,FT,NIT,16,0,2,2,0.09
EC_FTR2C2,Escherichia coli,FT,ENR,0.12,0,2,2,0.09
EC_FTR2C2,Escherichia coli,FT,GEN,1,0,2,2,0.09
EC_FTR2C2,Escherichia coli,FT,TET,16,2,2,2,0.09
EC_FTR2C2,Escherichia coli,FT,IME,0.25,0,2,2,0.09
EC_FTR2C2,Escherichia coli,FT,AMI,2,0,2,2,0.09
EC_FTR2C3,Escherichia coli,FT,AMO,8,0,4,2,0.18
EC_FTR2C3,Escherichia coli,FT,TR/SL,320,2,4,2,0.18
EC_FTR2C3,Escherichia coli,FT,CFX,8,0,4,2,0.18
EC_FTR2C3,Escherichia coli,FT,CHL,4,0,4,2,0.18
EC_FTR2C3,Escherichia coli,FT,AMP,32,2,4,2,0.18
EC_FTR2C3,Escherichia coli,FT,DOX,16,2,4,2,0.18
EC_FTR2C3,Escherichia coli,FT,NIT,32,0,4,2,0.18
EC_FTR2C3,Escherichia coli,FT,ENR,0.12,0,4,2,0.18
EC_FTR2C3,Escherichia coli,FT,GEN,1,0,4,2,0.18
EC_FTR2C3,Escherichia coli,FT,TET,16,2,4,2,0.18
EC_FTR2C3,Escherichia coli,FT,IME,0.25,0,4,2,0.18
EC_FTR2C3,Escherichia coli,FT,AMI,2,0,4,2,0.18
EC_FTR2C4,Escherichia coli,FT,AMO,2,0,1,2,0.05
EC_FTR2C4,Escherichia coli,FT,TR/SL,20,0,1,2,0.05
EC_FTR2C4,Escherichia coli,FT,CFX,4,0,1,2,0.05
EC_FTR2C4,Escherichia coli,FT,CHL,2,0,1,2,0.05
EC_FTR2C4,Escherichia coli,FT,AMP,32,2,1,2,0.05
EC_FTR2C4,Escherichia coli,FT,DOX,1,0,1,2,0.05
EC_FTR2C4,Escherichia coli,FT,NIT,64,1,1,2,0.05
EC_FTR2C4,Escherichia coli,FT,ENR,0.12,0,1,2,0.05
EC_FTR2C4,Escherichia coli,FT,GEN,1,0,1,2,0.05
EC_FTR2C4,Escherichia coli,FT,TET,1,0,1,2,0.05
EC_FTR2C4,Escherichia coli,FT,IME,0.25,0,1,2,0.05
EC_FTR2C4,Escherichia coli,FT,AMI,2,0,1,2,0.05
EC_FTR2C5,Klebsiella pneumoniae ssp pneumoniae,FT,AMO,2,0,1,2,0.05
EC_FTR2C5,Klebsiella pneumoniae ssp pneumoniae,FT,TR/SL,20,0,1,2,0.05
EC_FTR2C5,Klebsiella pneumoniae ssp pneumoniae,FT,CFX,4,0,1,2,0.05
EC_FTR2C5,Klebsiella pneumoniae ssp pneumoniae,FT,CHL,2,0,1,2,0.05
EC_FTR2C5,Klebsiella pneumoniae ssp pneumoniae,FT,AMP,32,2,1,2,0.05
EC_FTR2C5,Klebsiella pneumoniae ssp pneumoniae,FT,DOX,1,0,1,2,0.05
EC_FTR2C5,Klebsiella pneumoniae ssp pneumoniae,FT,NIT,32,0,1,2,0.05
EC_FTR2C5,Klebsiella pneumoniae ssp pneumoniae,FT,ENR,0.12,0,1,2,0.05
EC_FTR2C5,Klebsiella pneumoniae ssp pneumoniae,FT,GEN,1,0,1,2,0.05
EC_FTR2C5,Klebsiella pneumoniae ssp pneumoniae,FT,TET,1,0,1,2,0.05
EC_FTR2C5,Klebsiella pneumoniae ssp pneumoniae,FT,IME,0.25,0,1,2,0.05
EC_FTR2C5,Klebsiella pneumoniae ssp pneumoniae,FT,AMI,2,0,1,2,0.05
EC_FTR2C7,Klebsiella pneumoniae ssp pneumoniae,FT,AMO,8,0,4,2,0.19
EC_FTR2C7,Klebsiella pneumoniae ssp pneumoniae,FT,TR/SL,320,2,4,2,0.19
EC_FTR2C7,Klebsiella pneumoniae ssp pneumoniae,FT,CFX,4,0,4,2,0.19
EC_FTR2C7,Klebsiella pneumoniae ssp pneumoniae,FT,CHL,2,0,4,2,0.19
EC_FTR2C7,Klebsiella pneumoniae ssp pneumoniae,FT,AMP,32,2,4,2,0.19
EC_FTR2C7,Klebsiella pneumoniae ssp pneumoniae,FT,DOX,16,2,4,2,0.19
EC_FTR2C7,Klebsiella pneumoniae ssp pneumoniae,FT,NIT,16,0,4,2,0.19
EC_FTR2C7,Klebsiella pneumoniae ssp pneumoniae,FT,ENR,0.12,0,4,2,0.19
EC_FTR2C7,Klebsiella pneumoniae ssp pneumoniae,FT,GEN,1,0,4,2,0.19
EC_FTR2C7,Klebsiella pneumoniae ssp pneumoniae,FT,TET,16,2,4,2,0.19
EC_FTR2C7,Klebsiella pneumoniae ssp pneumoniae,FT,IME,0.25,0,4,2,0.19
EC_FTR2C7,Klebsiella pneumoniae ssp pneumoniae,FT,AMI,2,0,4,2,0.19
EC_FTR2C8,Klebsiella pneumoniae ssp pneumoniae,FT,AMO,4,0,1,2,0.05
EC_FTR2C8,Klebsiella pneumoniae ssp pneumoniae,FT,TR/SL,20,0,1,2,0.05
EC_FTR2C8,Klebsiella pneumoniae ssp pneumoniae,FT,CFX,4,0,1,2,0.05
EC_FTR2C8,Klebsiella pneumoniae ssp pneumoniae,FT,CHL,2,0,1,2,0.05
EC_FTR2C8,Klebsiella pneumoniae ssp pneumoniae,FT,AMP,32,2,1,2,0.05
EC_FTR2C8,Klebsiella pneumoniae ssp pneumoniae,FT,DOX,1,0,1,2,0.05
EC_FTR2C8,Klebsiella pneumoniae ssp pneumoniae,FT,NIT,32,0,1,2,0.05
EC_FTR2C8,Klebsiella pneumoniae ssp pneumoniae,FT,ENR,0.12,0,1,2,0.05
EC_FTR2C8,Klebsiella pneumoniae ssp pneumoniae,FT,GEN,1,0,1,2,0.05
EC_FTR2C8,Klebsiella pneumoniae ssp pneumoniae,FT,TET,1,0,1,2,0.05
EC_FTR2C8,Klebsiella pneumoniae ssp pneumoniae,FT,IME,0.25,0,1,2,0.05
EC_FTR2C8,Klebsiella pneumoniae ssp pneumoniae,FT,AMI,2,0,1,2,0.05
EC_FTR2C15,Klebsiella pneumoniae ssp pneumoniae,FT,AMO,4,0,4,2,0.18
EC_FTR2C15,Klebsiella pneumoniae ssp pneumoniae,FT,TR/SL,320,2,4,2,0.18
EC_FTR2C15,Klebsiella pneumoniae ssp pneumoniae,FT,CFX,4,0,4,2,0.18
EC_FTR2C15,Klebsiella pneumoniae ssp pneumoniae,FT,CHL,2,0,4,2,0.18
EC_FTR2C15,Klebsiella pneumoniae ssp pneumoniae,FT,AMP,32,2,4,2,0.18
EC_FTR2C15,Klebsiella pneumoniae ssp pneumoniae,FT,DOX,16,2,4,2,0.18
EC_FTR2C15,Klebsiella pneumoniae ssp pneumoniae,FT,NIT,16,0,4,2,0.18
EC_FTR2C15,Klebsiella pneumoniae ssp pneumoniae,FT,ENR,0.12,0,4,2,0.18
EC_FTR2C15,Klebsiella pneumoniae ssp pneumoniae,FT,GEN,1,0,4,2,0.18
EC_FTR2C15,Klebsiella pneumoniae ssp pneumoniae,FT,TET,16,2,4,2,0.18
EC_FTR2C15,Klebsiella pneumoniae ssp pneumoniae,FT,IME,0.25,0,4,2,0.18
EC_FTR2C15,Klebsiella pneumoniae ssp pneumoniae,FT,AMI,2,0,4,2,0.18
EC_FTR2C16,Klebsiella pneumoniae ssp pneumoniae,FT,AMO,2,0,1,2,0.05
EC_FTR2C16,Klebsiella pneumoniae ssp pneumoniae,FT,TR/SL,20,0,1,2,0.05
EC_FTR2C16,Klebsiella pneumoniae ssp pneumoniae,FT,CFX,4,0,1,2,0.05
EC_FTR2C16,Klebsiella pneumoniae ssp pneumoniae,FT,CHL,2,0,1,2,0.05
EC_FTR2C16,Klebsiella pneumoniae ssp pneumoniae,FT,AMP,32,2,1,2,0.05
EC_FTR2C16,Klebsiella pneumoniae ssp pneumoniae,FT,DOX,1,0,1,2,0.05
EC_FTR2C16,Klebsiella pneumoniae ssp pneumoniae,FT,NIT,32,0,1,2,0.05
EC_FTR2C16,Klebsiella pneumoniae ssp pneumoniae,FT,ENR,0.12,0,1,2,0.05
EC_FTR2C16,Klebsiella pneumoniae ssp pneumoniae,FT,GEN,1,0,1,2,0.05
EC_FTR2C16,Klebsiella pneumoniae ssp pneumoniae,FT,TET,1,0,1,2,0.05
EC_FTR2C16,Klebsiella pneumoniae ssp pneumoniae,FT,IME,0.25,0,1,2,0.05
EC_FTR2C16,Klebsiella pneumoniae ssp pneumoniae,FT,AMI,2,0,1,2,0.05
EC_FTR3C1,Escherichia coli,FT,AMO,2,0,2,2,0.09
EC_FTR3C1,Escherichia coli,FT,TR/SL,20,0,2,2,0.09
EC_FTR3C1,Escherichia coli,FT,CFX,8,0,2,2,0.09
EC_FTR3C1,Escherichia coli,FT,CHL,8,0,2,2,0.09
EC_FTR3C1,Escherichia coli,FT,AMP,4,0,2,2,0.09
EC_FTR3C1,Escherichia coli,FT,DOX,16,2,2,2,0.09
EC_FTR3C1,Escherichia coli,FT,NIT,16,0,2,2,0.09
EC_FTR3C1,Escherichia coli,FT,ENR,0.12,0,2,2,0.09
EC_FTR3C1,Escherichia coli,FT,GEN,1,0,2,2,0.09
EC_FTR3C1,Escherichia coli,FT,TET,16,2,2,2,0.09
EC_FTR3C1,Escherichia coli,FT,IME,0.25,0,2,2,0.09
EC_FTR3C1,Escherichia coli,FT,AMI,2,0,2,2,0.09
EC_FTR3C2,Klebsiella pneumoniae ssp pneumoniae,FT,AMO,2,0,1,2,0.05
EC_FTR3C2,Klebsiella pneumoniae ssp pneumoniae,FT,TR/SL,20,0,1,2,0.05
EC_FTR3C2,Klebsiella pneumoniae ssp pneumoniae,FT,CFX,4,0,1,2,0.05
EC_FTR3C2,Klebsiella pneumoniae ssp pneumoniae,FT,CHL,2,0,1,2,0.05
EC_FTR3C2,Klebsiella pneumoniae ssp pneumoniae,FT,AMP,32,2,1,2,0.05
EC_FTR3C2,Klebsiella pneumoniae ssp pneumoniae,FT,DOX,1,0,1,2,0.05
EC_FTR3C2,Klebsiella pneumoniae ssp pneumoniae,FT,NIT,64,1,1,2,0.05
EC_FTR3C2,Klebsiella pneumoniae ssp pneumoniae,FT,ENR,0.12,0,1,2,0.05
EC_FTR3C2,Klebsiella pneumoniae ssp pneumoniae,FT,GEN,1,0,1,2,0.05
EC_FTR3C2,Klebsiella pneumoniae ssp pneumoniae,FT,TET,1,0,1,2,0.05
EC_FTR3C2,Klebsiella pneumoniae ssp pneumoniae,FT,IME,0.25,0,1,2,0.05
EC_FTR3C2,Klebsiella pneumoniae ssp pneumoniae,FT,AMI,2,0,1,2,0.05
EC_FTR3C3,Enterobacter cloacae complex,FT,AMO,32,2,3,0,0.15
EC_FTR3C3,Enterobacter cloacae complex,FT,TR/SL,20,0,3,0,0.15
EC_FTR3C3,Enterobacter cloacae complex,FT,CFX,64,2,3,0,0.15
EC_FTR3C3,Enterobacter cloacae complex,FT,CHL,2,0,3,0,0.15
EC_FTR3C3,Enterobacter cloacae complex,FT,DOX,1,0,3,0,0.15
EC_FTR3C3,Enterobacter cloacae complex,FT,NIT,16,0,3,0,0.15
EC_FTR3C3,Enterobacter cloacae complex,FT,ENR,0.12,0,3,0,0.15
EC_FTR3C3,Enterobacter cloacae complex,FT,GEN,1,0,3,0,0.15
EC_FTR3C3,Enterobacter cloacae complex,FT,TET,1,0,3,0,0.15
EC_FTR3C3,Enterobacter cloacae complex,FT,IME,0.25,0,3,0,0.15
EC_FTR3C3,Enterobacter cloacae complex,FT,AMI,2,0,3,0,0.15
EC_FTR3C4,Klebsiella pneumoniae ssp pneumoniae,FT,AMO,8,0,1,2,0.05
EC_FTR3C4,Klebsiella pneumoniae ssp pneumoniae,FT,TR/SL,20,0,1,2,0.05
EC_FTR3C4,Klebsiella pneumoniae ssp pneumoniae,FT,CFX,4,0,1,2,0.05
EC_FTR3C4,Klebsiella pneumoniae ssp pneumoniae,FT,CHL,4,0,1,2,0.05
EC_FTR3C4,Klebsiella pneumoniae ssp pneumoniae,FT,AMP,32,2,1,2,0.05
EC_FTR3C4,Klebsiella pneumoniae ssp pneumoniae,FT,DOX,1,0,1,2,0.05
EC_FTR3C4,Klebsiella pneumoniae ssp pneumoniae,FT,NIT,64,1,1,2,0.05
EC_FTR3C4,Klebsiella pneumoniae ssp pneumoniae,FT,ENR,0.12,0,1,2,0.05
EC_FTR3C4,Klebsiella pneumoniae ssp pneumoniae,FT,GEN,1,0,1,2,0.05
EC_FTR3C4,Klebsiella pneumoniae ssp pneumoniae,FT,TET,1,0,1,2,0.05
EC_FTR3C4,Klebsiella pneumoniae ssp pneumoniae,FT,IME,1,0,1,2,0.05
EC_FTR3C4,Klebsiella pneumoniae ssp pneumoniae,FT,AMI,2,0,1,2,0.05
EC_FTR3C5,Klebsiella pneumoniae ssp pneumoniae,FT,AMO,2,0,1,2,0.05
EC_FTR3C5,Klebsiella pneumoniae ssp pneumoniae,FT,TR/SL,20,0,1,2,0.05
EC_FTR3C5,Klebsiella pneumoniae ssp pneumoniae,FT,CFX,4,0,1,2,0.05
EC_FTR3C5,Klebsiella pneumoniae ssp pneumoniae,FT,CHL,2,0,1,2,0.05
EC_FTR3C5,Klebsiella pneumoniae ssp pneumoniae,FT,AMP,2,2,1,2,0.05
EC_FTR3C5,Klebsiella pneumoniae ssp pneumoniae,FT,DOX,1,0,1,2,0.05
EC_FTR3C5,Klebsiella pneumoniae ssp pneumoniae,FT,NIT,64,1,1,2,0.05
EC_FTR3C5,Klebsiella pneumoniae ssp pneumoniae,FT,ENR,0.12,0,1,2,0.05
EC_FTR3C5,Klebsiella pneumoniae ssp pneumoniae,FT,GEN,1,0,1,2,0.05
EC_FTR3C5,Klebsiella pneumoniae ssp pneumoniae,FT,TET,1,0,1,2,0.05
EC_FTR3C5,Klebsiella pneumoniae ssp pneumoniae,FT,IME,0.25,0,1,2,0.05
EC_FTR3C5,Klebsiella pneumoniae ssp pneumoniae,FT,AMI,2,0,1,2,0.05
EC_FTR3C7,Klebsiella pneumoniae ssp pneumoniae,FT,AMO,2,0,1,2,0.05
EC_FTR3C7,Klebsiella pneumoniae ssp pneumoniae,FT,TR/SL,20,0,1,2,0.05
EC_FTR3C7,Klebsiella pneumoniae ssp pneumoniae,FT,CFX,4,0,1,2,0.05
EC_FTR3C7,Klebsiella pneumoniae ssp pneumoniae,FT,CHL,2,0,1,2,0.05
EC_FTR3C7,Klebsiella pneumoniae ssp pneumoniae,FT,AMP,32,2,1,2,0.05
EC_FTR3C7,Klebsiella pneumoniae ssp pneumoniae,FT,DOX,1,0,1,2,0.05
EC_FTR3C7,Klebsiella pneumoniae ssp pneumoniae,FT,NIT,64,1,1,2,0.05
EC_FTR3C7,Klebsiella pneumoniae ssp pneumoniae,FT,ENR,0.12,0,1,2,0.05
EC_FTR3C7,Klebsiella pneumoniae ssp pneumoniae,FT,GEN,1,0,1,2,0.05
EC_FTR3C7,Klebsiella pneumoniae ssp pneumoniae,FT,TET,1,0,1,2,0.05
EC_FTR3C7,Klebsiella pneumoniae ssp pneumoniae,FT,IME,0.25,0,1,2,0.05
EC_FTR3C7,Klebsiella pneumoniae ssp pneumoniae,FT,AMI,2,0,1,2,0.05
EC_FTR3C8,Klebsiella pneumoniae ssp pneumoniae,FT,AMO,2,0,1,2,0.05
EC_FTR3C8,Klebsiella pneumoniae ssp pneumoniae,FT,TR/SL,20,0,1,2,0.05
EC_FTR3C8,Klebsiella pneumoniae ssp pneumoniae,FT,CFX,4,0,1,2,0.05
EC_FTR3C8,Klebsiella pneumoniae ssp pneumoniae,FT,CHL,2,0,1,2,0.05
EC_FTR3C8,Klebsiella pneumoniae ssp pneumoniae,FT,AMP,32,2,1,2,0.05
EC_FTR3C8,Klebsiella pneumoniae ssp pneumoniae,FT,DOX,1,0,1,2,0.05
EC_FTR3C8,Klebsiella pneumoniae ssp pneumoniae,FT,NIT,32,0,1,2,0.05
EC_FTR3C8,Klebsiella pneumoniae ssp pneumoniae,FT,ENR,0.12,0,1,2,0.05
EC_FTR3C8,Klebsiella pneumoniae ssp pneumoniae,FT,GEN,1,0,1,2,0.05
EC_FTR3C8,Klebsiella pneumoniae ssp pneumoniae,FT,TET,1,0,1,2,0.05
EC_FTR3C8,Klebsiella pneumoniae ssp pneumoniae,FT,IME,0.25,0,1,2,0.05
EC_FTR3C8,Klebsiella pneumoniae ssp pneumoniae,FT,AMI,2,0,1,2,0.05
EC_FTR3C9,Klebsiella pneumoniae ssp pneumoniae,FT,AMO,2,0,1,2,0.05
EC_FTR3C9,Klebsiella pneumoniae ssp pneumoniae,FT,TR/SL,20,0,1,2,0.05
EC_FTR3C9,Klebsiella pneumoniae ssp pneumoniae,FT,CFX,4,0,1,2,0.05
EC_FTR3C9,Klebsiella pneumoniae ssp pneumoniae,FT,CHL,2,0,1,2,0.05
EC_FTR3C9,Klebsiella pneumoniae ssp pneumoniae,FT,AMP,16,2,1,2,0.05
EC_FTR3C9,Klebsiella pneumoniae ssp pneumoniae,FT,DOX,1,0,1,2,0.05
EC_FTR3C9,Klebsiella pneumoniae ssp pneumoniae,FT,NIT,32,0,1,2,0.05
EC_FTR3C9,Klebsiella pneumoniae ssp pneumoniae,FT,ENR,0.12,0,1,2,0.05
EC_FTR3C9,Klebsiella pneumoniae ssp pneumoniae,FT,GEN,1,0,1,2,0.05
EC_FTR3C9,Klebsiella pneumoniae ssp pneumoniae,FT,TET,1,0,1,2,0.05
EC_FTR3C9,Klebsiella pneumoniae ssp pneumoniae,FT,IME,0.25,0,1,2,0.05
EC_FTR3C9,Klebsiella pneumoniae ssp pneumoniae,FT,AMI,2,0,1,2,0.05
EC_FTR3C13,Klebsiella pneumoniae ssp pneumoniae,FT,AMO,4,0,4,2,0.18
EC_FTR3C13,Klebsiella pneumoniae ssp pneumoniae,FT,TR/SL,320,2,4,2,0.18
EC_FTR3C13,Klebsiella pneumoniae ssp pneumoniae,FT,CFX,4,0,4,2,0.18
EC_FTR3C13,Klebsiella pneumoniae ssp pneumoniae,FT,CHL,2,0,4,2,0.18
EC_FTR3C13,Klebsiella pneumoniae ssp pneumoniae,FT,AMP,32,2,4,2,0.18
EC_FTR3C13,Klebsiella pneumoniae ssp pneumoniae,FT,DOX,16,2,4,2,0.18
EC_FTR3C13,Klebsiella pneumoniae ssp pneumoniae,FT,NIT,16,0,4,2,0.18
EC_FTR3C13,Klebsiella pneumoniae ssp pneumoniae,FT,ENR,0.12,0,4,2,0.18
EC_FTR3C13,Klebsiella pneumoniae ssp pneumoniae,FT,GEN,1,0,4,2,0.18
EC_FTR3C13,Klebsiella pneumoniae ssp pneumoniae,FT,TET,16,2,4,2,0.18
EC_FTR3C13,Klebsiella pneumoniae ssp pneumoniae,FT,IME,0.25,0,4,2,0.18
EC_FTR3C13,Klebsiella pneumoniae ssp pneumoniae,FT,AMI,2,0,4,2,0.18
EC_FTR3C14,Klebsiella pneumoniae ssp pneumoniae,FT,AMO,2,0,1,2,0.05
EC_FTR3C14,Klebsiella pneumoniae ssp pneumoniae,FT,TR/SL,20,0,1,2,0.05
EC_FTR3C14,Klebsiella pneumoniae ssp pneumoniae,FT,CFX,4,0,1,2,0.05
EC_FTR3C14,Klebsiella pneumoniae ssp pneumoniae,FT,CHL,2,0,1,2,0.05
EC_FTR3C14,Klebsiella pneumoniae ssp pneumoniae,FT,AMP,16,2,1,2,0.05
EC_FTR3C14,Klebsiella pneumoniae ssp pneumoniae,FT,DOX,1,0,1,2,0.05
EC_FTR3C14,Klebsiella pneumoniae ssp pneumoniae,FT,NIT,16,0,1,2,0.05
EC_FTR3C14,Klebsiella pneumoniae ssp pneumoniae,FT,ENR,0.12,0,1,2,0.05
EC_FTR3C14,Klebsiella pneumoniae ssp pneumoniae,FT,GEN,1,0,1,2,0.05
EC_FTR3C14,Klebsiella pneumoniae ssp pneumoniae,FT,TET,1,0,1,2,0.05
EC_FTR3C14,Klebsiella pneumoniae ssp pneumoniae,FT,IME,0.25,0,1,2,0.05
EC_FTR3C14,Klebsiella pneumoniae ssp pneumoniae,FT,AMI,2,0,1,2,0.05
EC_FKR1C2,Escherichia coli,FK,AMO,2,0,2,2,0.09
EC_FKR1C2,Escherichia coli,FK,TR/SL,20,0,2,2,0.09
EC_FKR1C2,Escherichia coli,FK,CFX,8,0,2,2,0.09
EC_FKR1C2,Escherichia coli,FK,CHL,8,0,2,2,0.09
EC_FKR1C2,Escherichia coli,FK,AMP,2,0,2,2,0.09
EC_FKR1C2,Escherichia coli,FK,DOX,16,2,2,2,0.09
EC_FKR1C2,Escherichia coli,FK,NIT,16,0,2,2,0.09
EC_FKR1C2,Escherichia coli,FK,ENR,0.12,0,2,2,0.09
EC_FKR1C2,Escherichia coli,FK,GEN,1,0,2,2,0.09
EC_FKR1C2,Escherichia coli,FK,TET,16,2,2,2,0.09
EC_FKR1C2,Escherichia coli,FK,IME,0.25,0,2,2,0.09
EC_FKR1C2,Escherichia coli,FK,AMI,2,0,2,2,0.09
EC_FKR1C3,Escherichia coli,FK,AMO,2,0,2,2,0.09
EC_FKR1C3,Escherichia coli,FK,TR/SL,20,0,2,2,0.09
EC_FKR1C3,Escherichia coli,FK,CFX,8,0,2,2,0.09
EC_FKR1C3,Escherichia coli,FK,CHL,8,0,2,2,0.09
EC_FKR1C3,Escherichia coli,FK,AMP,2,0,2,2,0.09
EC_FKR1C3,Escherichia coli,FK,DOX,16,2,2,2,0.09
EC_FKR1C3,Escherichia coli,FK,NIT,16,0,2,2,0.09
EC_FKR1C3,Escherichia coli,FK,ENR,0.12,0,2,2,0.09
EC_FKR1C3,Escherichia coli,FK,GEN,1,0,2,2,0.09
EC_FKR1C3,Escherichia coli,FK,TET,16,2,2,2,0.09
EC_FKR1C3,Escherichia coli,FK,IME,0.25,0,2,2,0.09
EC_FKR1C3,Escherichia coli,FK,AMI,2,0,2,2,0.09
EC_FKR1C4,Enterobacter cloacae complex,FK,AMO,2,2,5,0,0.24
EC_FKR1C4,Enterobacter cloacae complex,FK,TR/SL,20,0,5,0,0.24
EC_FKR1C4,Enterobacter cloacae complex,FK,CFX,64,2,5,0,0.24
EC_FKR1C4,Enterobacter cloacae complex,FK,CHL,4,0,5,0,0.24
EC_FKR1C4,Enterobacter cloacae complex,FK,DOX,16,2,5,0,0.24
EC_FKR1C4,Enterobacter cloacae complex,FK,NIT,64,1,5,0,0.24
EC_FKR1C4,Enterobacter cloacae complex,FK,ENR,0.12,0,5,0,0.24
EC_FKR1C4,Enterobacter cloacae complex,FK,GEN,1,0,5,0,0.24
EC_FKR1C4,Enterobacter cloacae complex,FK,TET,16,2,5,0,0.24
EC_FKR1C4,Enterobacter cloacae complex,FK,IME,0.25,0,5,0,0.24
EC_FKR1C4,Enterobacter cloacae complex,FK,AMI,2,0,5,0,0.24
EC_FKR1C6,Escherichia coli,FK,AMO,2,0,2,2,0.09
EC_FKR1C6,Escherichia coli,FK,TR/SL,20,0,2,2,0.09
EC_FKR1C6,Escherichia coli,FK,CFX,8,0,2,2,0.09
EC_FKR1C6,Escherichia coli,FK,CHL,8,0,2,2,0.09
EC_FKR1C6,Escherichia coli,FK,AMP,2,0,2,2,0.09
EC_FKR1C6,Escherichia coli,FK,DOX,16,2,2,2,0.09
EC_FKR1C6,Escherichia coli,FK,NIT,16,0,2,2,0.09
EC_FKR1C6,Escherichia coli,FK,ENR,0.12,0,2,2,0.09
EC_FKR1C6,Escherichia coli,FK,GEN,1,0,2,2,0.09
EC_FKR1C6,Escherichia coli,FK,TET,16,2,2,2,0.09
EC_FKR1C6,Escherichia coli,FK,IME,0.25,0,2,2,0.09
EC_FKR1C7,Klebsiella pneumoniae ssp pneumoniae,FK,AMO,2,0,3,2,0.14
EC_FKR1C7,Klebsiella pneumoniae ssp pneumoniae,FK,TR/SL,20,0,3,2,0.14
EC_FKR1C7,Klebsiella pneumoniae ssp pneumoniae,FK,CFX,4,0,3,2,0.14
EC_FKR1C7,Klebsiella pneumoniae ssp pneumoniae,FK,CHL,2,0,3,2,0.14
EC_FKR1C7,Klebsiella pneumoniae ssp pneumoniae,FK,AMP,32,2,3,2,0.14
EC_FKR1C7,Klebsiella pneumoniae ssp pneumoniae,FK,DOX,2,1,3,2,0.14
EC_FKR1C7,Klebsiella pneumoniae ssp pneumoniae,FK,NIT,128,2,3,2,0.14
EC_FKR1C7,Klebsiella pneumoniae ssp pneumoniae,FK,ENR,0.12,0,3,2,0.14
EC_FKR1C7,Klebsiella pneumoniae ssp pneumoniae,FK,GEN,1,0,3,2,0.14
EC_FKR1C7,Klebsiella pneumoniae ssp pneumoniae,FK,TET,16,2,3,2,0.14
EC_FKR1C7,Klebsiella pneumoniae ssp pneumoniae,FK,IME,0.25,0,3,2,0.14
EC_FKR1C7,Klebsiella pneumoniae ssp pneumoniae,FK,AMI,2,0,3,2,0.14
EC_FKR1C8,Escherichia coli,FK,AMO,2,0,2,2,0.09
EC_FKR1C8,Escherichia coli,FK,TR/SL,20,0,2,2,0.09
EC_FKR1C8,Escherichia coli,FK,CFX,8,0,2,2,0.09
EC_FKR1C8,Escherichia coli,FK,CHL,8,0,2,2,0.09
EC_FKR1C8,Escherichia coli,FK,AMP,2,0,2,2,0.09
EC_FKR1C8,Escherichia coli,FK,DOX,16,2,2,2,0.09
EC_FKR1C8,Escherichia coli,FK,NIT,16,0,2,2,0.09
EC_FKR1C8,Escherichia coli,FK,ENR,0.12,0,2,2,0.09
EC_FKR1C8,Escherichia coli,FK,GEN,1,0,2,2,0.09
EC_FKR1C8,Escherichia coli,FK,TET,16,2,2,2,0.09
EC_FKR1C8,Escherichia coli,FK,IME,0.25,0,2,2,0.09
EC_FKR1C8,Escherichia coli,FK,AMI,2,0,2,2,0.09
EC_FKR1C9,Enterobacter cloacae complex,FK,AMO,32,2,3,0,0.15
EC_FKR1C9,Enterobacter cloacae complex,FK,TR/SL,20,0,3,0,0.15
EC_FKR1C9,Enterobacter cloacae complex,FK,CFX,64,2,3,0,0.15
EC_FKR1C9,Enterobacter cloacae complex,FK,CHL,8,0,3,0,0.15
EC_FKR1C9,Enterobacter cloacae complex,FK,DOX,4,0,3,0,0.15
EC_FKR1C9,Enterobacter cloacae complex,FK,NIT,32,0,3,0,0.15
EC_FKR1C9,Enterobacter cloacae complex,FK,ENR,0.12,0,3,0,0.15
EC_FKR1C9,Enterobacter cloacae complex,FK,GEN,1,0,3,0,0.15
EC_FKR1C9,Enterobacter cloacae complex,FK,TET,2,0,3,0,0.15
EC_FKR1C9,Enterobacter cloacae complex,FK,IME,0.5,0,3,0,0.15
EC_FKR1C9,Enterobacter cloacae complex,FK,AMI,2,0,3,0,0.15
EC_FKR1C11,Klebsiella pneumoniae ssp pneumoniae,FK,AMO,32,2,2,2,0.09
EC_FKR1C11,Klebsiella pneumoniae ssp pneumoniae,FK,TR/SL,20,0,2,2,0.09
EC_FKR1C11,Klebsiella pneumoniae ssp pneumoniae,FK,CFX,4,0,2,2,0.09
EC_FKR1C11,Klebsiella pneumoniae ssp pneumoniae,FK,CHL,4,0,2,2,0.09
EC_FKR1C11,Klebsiella pneumoniae ssp pneumoniae,FK,AMP,32,2,2,2,0.09
EC_FKR1C11,Klebsiella pneumoniae ssp pneumoniae,FK,NIT,64,1,2,2,0.09
EC_FKR1C11,Klebsiella pneumoniae ssp pneumoniae,FK,GEN,1,0,2,2,0.09
EC_FKR1C11,Klebsiella pneumoniae ssp pneumoniae,FK,TET,1,0,2,2,0.09
EC_FKR1C11,Klebsiella pneumoniae ssp pneumoniae,FK,IME,0.25,0,2,2,0.09
EC_FKR1C11,Klebsiella pneumoniae ssp pneumoniae,FK,AMI,2,0,2,2,0.09
EC_FKR1C15,Klebsiella pneumoniae ssp pneumoniae,FK,AMO,4,0,1,2,0.05
EC_FKR1C15,Klebsiella pneumoniae ssp pneumoniae,FK,TR/SL,20,0,1,2,0.05
EC_FKR1C15,Klebsiella pneumoniae ssp pneumoniae,FK,CFX,4,0,1,2,0.05
EC_FKR1C15,Klebsiella pneumoniae ssp pneumoniae,FK,CHL,2,0,1,2,0.05
EC_FKR1C15,Klebsiella pneumoniae ssp pneumoniae,FK,AMP,32,2,1,2,0.05
EC_FKR1C15,Klebsiella pneumoniae ssp pneumoniae,FK,DOX,1,0,1,2,0.05
EC_FKR1C15,Klebsiella pneumoniae ssp pneumoniae,FK,NIT,32,0,1,2,0.05
EC_FKR1C15,Klebsiella pneumoniae ssp pneumoniae,FK,ENR,0.12,0,1,2,0.05
EC_FKR1C15,Klebsiella pneumoniae ssp pneumoniae,FK,GEN,1,0,1,2,0.05
EC_FKR1C15,Klebsiella pneumoniae ssp pneumoniae,FK,TET,1,0,1,2,0.05
EC_FKR1C15,Klebsiella pneumoniae ssp pneumoniae,FK,IME,0.25,0,1,2,0.05
EC_FKR1C15,Klebsiella pneumoniae ssp pneumoniae,FK,AMI,2,0,1,2,0.05
EC_FKR1C16,Klebsiella pneumoniae ssp pneumoniae,FK,AMO,2,0,2,2,0.09
EC_FKR1C16,Klebsiella pneumoniae ssp pneumoniae,FK,TR/SL,20,0,2,2,0.09
EC_FKR1C16,Klebsiella pneumoniae ssp pneumoniae,FK,CFX,4,0,2,2,0.09
EC_FKR1C16,Klebsiella pneumoniae ssp pneumoniae,FK,CHL,4,0,2,2,0.09
EC_FKR1C16,Klebsiella pneumoniae ssp pneumoniae,FK,AMP,32,2,2,2,0.09
EC_FKR1C16,Klebsiella pneumoniae ssp pneumoniae,FK,DOX,2,1,2,2,0.09
EC_FKR1C16,Klebsiella pneumoniae ssp pneumoniae,FK,NIT,64,1,2,2,0.09
EC_FKR1C16,Klebsiella pneumoniae ssp pneumoniae,FK,ENR,0.12,0,2,2,0.09
EC_FKR1C16,Klebsiella pneumoniae ssp pneumoniae,FK,GEN,1,0,2,2,0.09
EC_FKR1C16,Klebsiella pneumoniae ssp pneumoniae,FK,TET,16,2,2,2,0.09
EC_FKR1C16,Klebsiella pneumoniae ssp pneumoniae,FK,IME,0.25,0,2,2,0.09
EC_FKR1C16,Klebsiella pneumoniae ssp pneumoniae,FK,AMI,2,0,2,2,0.09
EC_FKR2C1,Escherichia coli,FK,AMO,2,0,2,2,0.09
EC_FKR2C1,Escherichia coli,FK,TR/SL,20,0,2,2,0.09
EC_FKR2C1,Escherichia coli,FK,CFX,8,0,2,2,0.09
EC_FKR2C1,Escherichia coli,FK,CHL,8,0,2,2,0.09
EC_FKR2C1,Escherichia coli,FK,AMP,2,0,2,2,0.09
EC_FKR2C1,Escherichia coli,FK,DOX,16,2,2,2,0.09
EC_FKR2C1,Escherichia coli,FK,NIT,16,0,2,2,0.09
EC_FKR2C1,Escherichia coli,FK,ENR,0.12,0,2,2,0.09
EC_FKR2C1,Escherichia coli,FK,GEN,1,0,2,2,0.09
EC_FKR2C1,Escherichia coli,FK,TET,16,2,2,2,0.09
EC_FKR2C1,Escherichia coli,FK,IME,0.25,0,2,2,0.09
EC_FKR2C1,Escherichia coli,FK,AMI,2,0,2,2,0.09
EC_FKR2C2,Klebsiella pneumoniae ssp pneumoniae,FK,AMO,2,0,1,2,0.05
EC_FKR2C2,Klebsiella pneumoniae ssp pneumoniae,FK,TR/SL,20,0,1,2,0.05
EC_FKR2C2,Klebsiella pneumoniae ssp pneumoniae,FK,CFX,4,0,1,2,0.05
EC_FKR2C2,Klebsiella pneumoniae ssp pneumoniae,FK,CHL,2,0,1,2,0.05
EC_FKR2C2,Klebsiella pneumoniae ssp pneumoniae,FK,AMP,32,2,1,2,0.05
EC_FKR2C2,Klebsiella pneumoniae ssp pneumoniae,FK,DOX,1,0,1,2,0.05
EC_FKR2C2,Klebsiella pneumoniae ssp pneumoniae,FK,NIT,64,1,1,2,0.05
EC_FKR2C2,Klebsiella pneumoniae ssp pneumoniae,FK,ENR,0.12,0,1,2,0.05
EC_FKR2C2,Klebsiella pneumoniae ssp pneumoniae,FK,GEN,1,0,1,2,0.05
EC_FKR2C2,Klebsiella pneumoniae ssp pneumoniae,FK,TET,1,0,1,2,0.05
EC_FKR2C2,Klebsiella pneumoniae ssp pneumoniae,FK,IME,0.25,0,1,2,0.05
EC_FKR2C2,Klebsiella pneumoniae ssp pneumoniae,FK,AMI,2,0,1,2,0.05
EC_FKR2C3,Klebsiella pneumoniae ssp pneumoniae,FK,AMO,2,0,1,2,0.05
EC_FKR2C3,Klebsiella pneumoniae ssp pneumoniae,FK,TR/SL,20,0,1,2,0.05
EC_FKR2C3,Klebsiella pneumoniae ssp pneumoniae,FK,CFX,4,0,1,2,0.05
EC_FKR2C3,Klebsiella pneumoniae ssp pneumoniae,FK,CHL,2,0,1,2,0.05
EC_FKR2C3,Klebsiella pneumoniae ssp pneumoniae,FK,AMP,16,2,1,2,0.05
EC_FKR2C3,Klebsiella pneumoniae ssp pneumoniae,FK,DOX,1,0,1,2,0.05
EC_FKR2C3,Klebsiella pneumoniae ssp pneumoniae,FK,NIT,32,0,1,2,0.05
EC_FKR2C3,Klebsiella pneumoniae ssp pneumoniae,FK,ENR,0.12,0,1,2,0.05
EC_FKR2C3,Klebsiella pneumoniae ssp pneumoniae,FK,GEN,1,0,1,2,0.05
EC_FKR2C3,Klebsiella pneumoniae ssp pneumoniae,FK,TET,1,0,1,2,0.05
EC_FKR2C3,Klebsiella pneumoniae ssp pneumoniae,FK,IME,0.25,0,1,2,0.05
EC_FKR2C3,Klebsiella pneumoniae ssp pneumoniae,FK,AMI,2,0,1,2,0.05
EC_FKR2C4,Enterobacter cloacae complex,FK,AMO,4,0,0,0,0
EC_FKR2C4,Enterobacter cloacae complex,FK,TR/SL,20,0,0,0,0
EC_FKR2C4,Enterobacter cloacae complex,FK,CFX,4,0,0,0,0
EC_FKR2C4,Enterobacter cloacae complex,FK,CHL,2,0,0,0,0
EC_FKR2C4,Enterobacter cloacae complex,FK,DOX,1,0,0,0,0
EC_FKR2C4,Enterobacter cloacae complex,FK,NIT,32,0,0,0,0
EC_FKR2C4,Enterobacter cloacae complex,FK,ENR,0.12,0,0,0,0
EC_FKR2C4,Enterobacter cloacae complex,FK,GEN,1,0,0,0,0
EC_FKR2C4,Enterobacter cloacae complex,FK,TET,1,0,0,0,0
EC_FKR2C4,Enterobacter cloacae complex,FK,IME,0.25,0,0,0,0
EC_FKR2C4,Enterobacter cloacae complex,FK,AMI,2,0,0,0,0
EC_FKR2C6,Klebsiella pneumoniae ssp pneumoniae,FK,AMO,4,0,1,2,0.05
EC_FKR2C6,Klebsiella pneumoniae ssp pneumoniae,FK,TR/SL,20,0,1,2,0.05
EC_FKR2C6,Klebsiella pneumoniae ssp pneumoniae,FK,CFX,4,0,1,2,0.05
EC_FKR2C6,Klebsiella pneumoniae ssp pneumoniae,FK,CHL,4,0,1,2,0.05
EC_FKR2C6,Klebsiella pneumoniae ssp pneumoniae,FK,AMP,16,2,1,2,0.05
EC_FKR2C6,Klebsiella pneumoniae ssp pneumoniae,FK,DOX,1,0,1,2,0.05
EC_FKR2C6,Klebsiella pneumoniae ssp pneumoniae,FK,NIT,64,1,1,2,0.05
EC_FKR2C6,Klebsiella pneumoniae ssp pneumoniae,FK,ENR,0.12,0,1,2,0.05
EC_FKR2C6,Klebsiella pneumoniae ssp pneumoniae,FK,GEN,1,0,1,2,0.05
EC_FKR2C6,Klebsiella pneumoniae ssp pneumoniae,FK,TET,1,0,1,2,0.05
EC_FKR2C6,Klebsiella pneumoniae ssp pneumoniae,FK,IME,0.25,0,1,2,0.05
EC_FKR2C6,Klebsiella pneumoniae ssp pneumoniae,FK,AMI,2,0,1,2,0.05
EC_FKR2C11,Enterobacter aerogenes,FK,AMO,4,0,0,0,0
EC_FKR2C11,Enterobacter aerogenes,FK,TR/SL,20,0,0,0,0
EC_FKR2C11,Enterobacter aerogenes,FK,CFX,4,0,0,0,0
EC_FKR2C11,Enterobacter aerogenes,FK,CHL,2,0,0,0,0
EC_FKR2C11,Enterobacter aerogenes,FK,DOX,1,0,0,0,0
EC_FKR2C11,Enterobacter aerogenes,FK,NIT,64,1,0,0,0
EC_FKR2C11,Enterobacter aerogenes,FK,ENR,0.12,0,0,0,0
EC_FKR2C11,Enterobacter aerogenes,FK,GEN,1,0,0,0,0
EC_FKR2C11,Enterobacter aerogenes,FK,TET,1,0,0,0,0
EC_FKR2C11,Enterobacter aerogenes,FK,IME,0.25,0,0,0,0
EC_FKR2C11,Enterobacter aerogenes,FK,AMI,2,0,0,0,0
EC_FKR2C13,Klebsiella pneumoniae ssp pneumoniae,FK,AMO,2,0,5,2,0.23
EC_FKR2C13,Klebsiella pneumoniae ssp pneumoniae,FK,TR/SL,20,0,5,2,0.23
EC_FKR2C13,Klebsiella pneumoniae ssp pneumoniae,FK,CFX,64,2,5,2,0.23
EC_FKR2C13,Klebsiella pneumoniae ssp pneumoniae,FK,CHL,2,0,5,2,0.23
EC_FKR2C13,Klebsiella pneumoniae ssp pneumoniae,FK,AMP,32,2,5,2,0.23
EC_FKR2C13,Klebsiella pneumoniae ssp pneumoniae,FK,DOX,16,2,5,2,0.23
EC_FKR2C13,Klebsiella pneumoniae ssp pneumoniae,FK,NIT,64,1,5,2,0.23
EC_FKR2C13,Klebsiella pneumoniae ssp pneumoniae,FK,ENR,0.25,0,5,2,0.23
EC_FKR2C13,Klebsiella pneumoniae ssp pneumoniae,FK,GEN,1,0,5,2,0.23
EC_FKR2C13,Klebsiella pneumoniae ssp pneumoniae,FK,TET,16,2,5,2,0.23
EC_FKR2C13,Klebsiella pneumoniae ssp pneumoniae,FK,IME,0.25,0,5,2,0.23
EC_FKR2C13,Klebsiella pneumoniae ssp pneumoniae,FK,AMI,2,0,5,2,0.23
EC_FKR2C14,Klebsiella pneumoniae ssp pneumoniae,FK,AMO,2,0,1,2,0.05
EC_FKR2C14,Klebsiella pneumoniae ssp pneumoniae,FK,TR/SL,20,0,1,2,0.05
EC_FKR2C14,Klebsiella pneumoniae ssp pneumoniae,FK,CFX,4,0,1,2,0.05
EC_FKR2C14,Klebsiella pneumoniae ssp pneumoniae,FK,CHL,2,0,1,2,0.05
EC_FKR2C14,Klebsiella pneumoniae ssp pneumoniae,FK,AMP,32,2,1,2,0.05
EC_FKR2C14,Klebsiella pneumoniae ssp pneumoniae,FK,DOX,1,0,1,2,0.05
EC_FKR2C14,Klebsiella pneumoniae ssp pneumoniae,FK,NIT,32,0,1,2,0.05
EC_FKR2C14,Klebsiella pneumoniae ssp pneumoniae,FK,ENR,0.12,0,1,2,0.05
EC_FKR2C14,Klebsiella pneumoniae ssp pneumoniae,FK,GEN,1,0,1,2,0.05
EC_FKR2C14,Klebsiella pneumoniae ssp pneumoniae,FK,TET,1,0,1,2,0.05
EC_FKR2C14,Klebsiella pneumoniae ssp pneumoniae,FK,IME,0.25,0,1,2,0.05
EC_FKR2C14,Klebsiella pneumoniae ssp pneumoniae,FK,AMI,2,0,1,2,0.05
EC_FKR2C15,Escherichia coli,FK,AMO,2,0,2,2,0.09
EC_FKR2C15,Escherichia coli,FK,TR/SL,20,0,2,2,0.09
EC_FKR2C15,Escherichia coli,FK,CFX,8,0,2,2,0.09
EC_FKR2C15,Escherichia coli,FK,CHL,8,0,2,2,0.09
EC_FKR2C15,Escherichia coli,FK,AMP,2,0,2,2,0.09
EC_FKR2C15,Escherichia coli,FK,DOX,16,2,2,2,0.09
EC_FKR2C15,Escherichia coli,FK,NIT,16,0,2,2,0.09
EC_FKR2C15,Escherichia coli,FK,ENR,0.12,0,2,2,0.09
EC_FKR2C15,Escherichia coli,FK,GEN,1,0,2,2,0.09
EC_FKR2C15,Escherichia coli,FK,TET,16,2,2,2,0.09
EC_FKR2C15,Escherichia coli,FK,IME,0.25,0,2,2,0.09
EC_FKR2C15,Escherichia coli,FK,AMI,2,0,2,2,0.09
EC_FKR3C2,Escherichia coli,FK,AMO,2,0,2,2,0.09
EC_FKR3C2,Escherichia coli,FK,TR/SL,20,0,2,2,0.09
EC_FKR3C2,Escherichia coli,FK,CFX,8,0,2,2,0.09
EC_FKR3C2,Escherichia coli,FK,CHL,8,0,2,2,0.09
EC_FKR3C2,Escherichia coli,FK,AMP,2,0,2,2,0.09
EC_FKR3C2,Escherichia coli,FK,DOX,16,2,2,2,0.09
EC_FKR3C2,Escherichia coli,FK,NIT,16,0,2,2,0.09
EC_FKR3C2,Escherichia coli,FK,ENR,0.12,0,2,2,0.09
EC_FKR3C2,Escherichia coli,FK,GEN,1,0,2,2,0.09
EC_FKR3C2,Escherichia coli,FK,TET,16,2,2,2,0.09
EC_FKR3C2,Escherichia coli,FK,IME,0.25,0,2,2,0.09
EC_FKR3C2,Escherichia coli,FK,AMI,2,0,2,2,0.09
EC_FKR3C3,Enterobacter cloacae complex,FK,AMO,2,2,5,0,0.25
EC_FKR3C3,Enterobacter cloacae complex,FK,TR/SL,20,0,5,0,0.25
EC_FKR3C3,Enterobacter cloacae complex,FK,CFX,8,2,5,0,0.25
EC_FKR3C3,Enterobacter cloacae complex,FK,CHL,8,0,5,0,0.25
EC_FKR3C3,Enterobacter cloacae complex,FK,DOX,16,2,5,0,0.25
EC_FKR3C3,Enterobacter cloacae complex,FK,NIT,16,0,5,0,0.25
EC_FKR3C3,Enterobacter cloacae complex,FK,ENR,0.12,0,5,0,0.25
EC_FKR3C3,Enterobacter cloacae complex,FK,GEN,1,0,5,0,0.25
EC_FKR3C3,Enterobacter cloacae complex,FK,TET,16,2,5,0,0.25
EC_FKR3C3,Enterobacter cloacae complex,FK,IME,0.25,0,5,0,0.25
EC_FKR3C3,Enterobacter cloacae complex,FK,AMI,2,0,5,0,0.25
EC_FKR3C4,Enterobacter cloacae complex,FK,AMO,2,2,5,0,0.25
EC_FKR3C4,Enterobacter cloacae complex,FK,TR/SL,20,0,5,0,0.25
EC_FKR3C4,Enterobacter cloacae complex,FK,CFX,8,2,5,0,0.25
EC_FKR3C4,Enterobacter cloacae complex,FK,CHL,8,0,5,0,0.25
EC_FKR3C4,Enterobacter cloacae complex,FK,DOX,16,2,5,0,0.25
EC_FKR3C4,Enterobacter cloacae complex,FK,NIT,16,0,5,0,0.25
EC_FKR3C4,Enterobacter cloacae complex,FK,ENR,0.12,0,5,0,0.25
EC_FKR3C4,Enterobacter cloacae complex,FK,GEN,1,0,5,0,0.25
EC_FKR3C4,Enterobacter cloacae complex,FK,TET,16,2,5,0,0.25
EC_FKR3C4,Enterobacter cloacae complex,FK,IME,0.25,0,5,0,0.25
EC_FKR3C4,Enterobacter cloacae complex,FK,AMI,2,0,5,0,0.25
EC_FKR3C7,Enterobacter aerogenes,FK,AMO,32,2,3,0,0.14
EC_FKR3C7,Enterobacter aerogenes,FK,TR/SL,20,0,3,0,0.14
EC_FKR3C7,Enterobacter aerogenes,FK,CFX,64,2,3,0,0.14
EC_FKR3C7,Enterobacter aerogenes,FK,CHL,4,0,3,0,0.14
EC_FKR3C7,Enterobacter aerogenes,FK,DOX,1,0,3,0,0.14
EC_FKR3C7,Enterobacter aerogenes,FK,NIT,64,1,3,0,0.14
EC_FKR3C7,Enterobacter aerogenes,FK,ENR,0.12,0,3,0,0.14
EC_FKR3C7,Enterobacter aerogenes,FK,GEN,1,0,3,0,0.14
EC_FKR3C7,Enterobacter aerogenes,FK,TET,1,0,3,0,0.14
EC_FKR3C7,Enterobacter aerogenes,FK,IME,1,0,3,0,0.14
EC_FKR3C7,Enterobacter aerogenes,FK,AMI,2,0,3,0,0.14
EC_FKR3C10,Klebsiella pneumoniae ssp pneumoniae,FK,AMO,2,0,1,2,0.05
EC_FKR3C10,Klebsiella pneumoniae ssp pneumoniae,FK,TR/SL,20,0,1,2,0.05
EC_FKR3C10,Klebsiella pneumoniae ssp pneumoniae,FK,CFX,4,0,1,2,0.05
EC_FKR3C10,Klebsiella pneumoniae ssp pneumoniae,FK,CHL,2,0,1,2,0.05
EC_FKR3C10,Klebsiella pneumoniae ssp pneumoniae,FK,AMP,16,2,1,2,0.05
EC_FKR3C10,Klebsiella pneumoniae ssp pneumoniae,FK,DOX,1,0,1,2,0.05
EC_FKR3C10,Klebsiella pneumoniae ssp pneumoniae,FK,NIT,32,0,1,2,0.05
EC_FKR3C10,Klebsiella pneumoniae ssp pneumoniae,FK,ENR,0.12,0,1,2,0.05
EC_FKR3C10,Klebsiella pneumoniae ssp pneumoniae,FK,GEN,1,0,1,2,0.05
EC_FKR3C10,Klebsiella pneumoniae ssp pneumoniae,FK,TET,1,0,1,2,0.05
EC_FKR3C10,Klebsiella pneumoniae ssp pneumoniae,FK,IME,0.25,0,1,2,0.05
EC_FKR3C10,Klebsiella pneumoniae ssp pneumoniae,FK,AMI,2,0,1,2,0.05
EC_FKR3C11,Enterobacter aerogenes,FK,AMO,2,0,0,0,0
EC_FKR3C11,Enterobacter aerogenes,FK,TR/SL,20,0,0,0,0
EC_FKR3C11,Enterobacter aerogenes,FK,CFX,4,0,0,0,0
EC_FKR3C11,Enterobacter aerogenes,FK,CHL,2,0,0,0,0
EC_FKR3C11,Enterobacter aerogenes,FK,DOX,1,0,0,0,0
EC_FKR3C11,Enterobacter aerogenes,FK,NIT,64,1,0,0,0
EC_FKR3C11,Enterobacter aerogenes,FK,ENR,0.12,0,0,0,0
EC_FKR3C11,Enterobacter aerogenes,FK,GEN,1,0,0,0,0
EC_FKR3C11,Enterobacter aerogenes,FK,TET,1,0,0,0,0
EC_FKR3C11,Enterobacter aerogenes,FK,IME,0.25,0,0,0,0
EC_FKR3C11,Enterobacter aerogenes,FK,AMI,2,0,0,0,0
EC_FKR3C13,Klebsiella pneumoniae ssp pneumoniae,FK,AMO,2,0,2,2,0.09
EC_FKR3C13,Klebsiella pneumoniae ssp pneumoniae,FK,TR/SL,20,0,2,2,0.09
EC_FKR3C13,Klebsiella pneumoniae ssp pneumoniae,FK,CFX,64,2,2,2,0.09
EC_FKR3C13,Klebsiella pneumoniae ssp pneumoniae,FK,CHL,2,0,2,2,0.09
EC_FKR3C13,Klebsiella pneumoniae ssp pneumoniae,FK,AMP,32,2,2,2,0.09
EC_FKR3C13,Klebsiella pneumoniae ssp pneumoniae,FK,DOX,1,0,2,2,0.09
EC_FKR3C13,Klebsiella pneumoniae ssp pneumoniae,FK,NIT,32,0,2,2,0.09
EC_FKR3C13,Klebsiella pneumoniae ssp pneumoniae,FK,ENR,0.12,0,2,2,0.09
EC_FKR3C13,Klebsiella pneumoniae ssp pneumoniae,FK,GEN,1,0,2,2,0.09
EC_FKR3C13,Klebsiella pneumoniae ssp pneumoniae,FK,TET,1,0,2,2,0.09
EC_FKR3C13,Klebsiella pneumoniae ssp pneumoniae,FK,IME,0.25,0,2,2,0.09
EC_FKR3C13,Klebsiella pneumoniae ssp pneumoniae,FK,AMI,2,0,2,2,0.09